{
  "run_id": "20260406-222822",
  "run_timestamp": "2026-04-06 22:46:45",
  "allocation_effect": 43.35731612340403,
  "selection_effect": -0.282873029792269,
  "interaction_effect": 0.054152936292886,
  "total_active_return": 33.146273966252394,
  "residual": -9.982322063652257
}