{
  "run_id": "STAB_20260409_2059_9",
  "run_timestamp": "2026-04-10 23:04:59",
  "allocation_effect": 26.862482340532782,
  "selection_effect": 0.311031394205931,
  "interaction_effect": 1.4162409707821897,
  "total_active_return": 36.57409549668011,
  "residual": 7.984340791159205
}