{
  "run_id": "20260407-211712",
  "run_timestamp": "2026-04-07 21:33:48",
  "allocation_effect": 46.6186257661494,
  "selection_effect": 1.0663508027625277,
  "interaction_effect": 1.303748344939017,
  "total_active_return": 35.939771499394496,
  "residual": -13.048953414456442
}