{
  "run_id": "20260409-200414",
  "run_timestamp": "2026-04-09 20:22:31",
  "allocation_effect": 47.045354382111185,
  "selection_effect": 1.2229295113958865,
  "interaction_effect": 1.7021874924145055,
  "total_active_return": 36.67281673303288,
  "residual": -13.297654652888689
}