{
  "run_id": "20260404-072616",
  "run_timestamp": "2026-04-04 07:46:30",
  "allocation_effect": 34.31291537749438,
  "selection_effect": -0.9105527241257164,
  "interaction_effect": -0.2438137877995812,
  "total_active_return": 23.265668066675495,
  "residual": -9.892880798893586
}