{
  "run_id": "20260406-211427",
  "run_timestamp": "2026-04-06 21:41:20",
  "allocation_effect": 30.972424597830372,
  "selection_effect": -2.795418065928552,
  "interaction_effect": -1.226491152234562,
  "total_active_return": 21.771518521607625,
  "residual": -5.178996858059637
}