{
  "run_id": "20260330-200710",
  "run_timestamp": "2026-03-30 20:37:02",
  "allocation_effect": 49.437773877802336,
  "selection_effect": -0.5015293235393051,
  "interaction_effect": -1.3470118115243257,
  "total_active_return": 37.9534499937113,
  "residual": -9.6357827490274
}