{
  "run_id": "20260329-101714",
  "run_timestamp": "2026-03-29 11:24:25",
  "allocation_effect": 45.958334547898595,
  "selection_effect": 1.8868330071902235,
  "interaction_effect": 3.463111601100271,
  "total_active_return": 39.39742413513829,
  "residual": -11.9108550210508
}