{
  "run_id": "20260402-134924",
  "run_timestamp": "2026-04-02 14:09:44",
  "allocation_effect": 21.429641207051233,
  "selection_effect": -1.4739128762396887,
  "interaction_effect": 0.0422946301967556,
  "total_active_return": 22.237737188492705,
  "residual": 2.239714227484402
}