{
  "stocks": [
    "VULC3.SA",
    "PLPL3.SA",
    "VALE3.SA",
    "JBSS32.SA",
    "WEGE3.SA",
    "MDNE3.SA",
    "SAPR11.SA",
    "NEOE3.SA",
    "CXSE3.SA",
    "FRAS3.SA",
    "PRIO3.SA",
    "TEND3.SA",
    "PETR3.SA",
    "PETR4.SA",
    "PRNR3.SA",
    "AMBP3.SA",
    "CMIG3.SA",
    "KLBN4.SA",
    "SLCE3.SA"
  ],
  "weights": [
    1.9797508046988235,
    3.8352966179701027,
    3.3949339596378962,
    3.310458039754665,
    1.8760376808196353,
    6.312703724394035,
    11.867632140938806,
    2.8228386476237497,
    0.7565207639443648,
    2.712434396917597,
    2.777255184092401,
    1.1751372900008126,
    20.599194385633975,
    4.105034844270979,
    0.7866310141369518,
    0.7360290359847573,
    7.732904855540211,
    21.7973323318742,
    1.4218742817660368
  ],
  "rows": [
    {
      "ticker": "KLBN4.SA",
      "weight": 21.7973323318742,
      "current": 3.569999933242798,
      "projectedQty": 142,
      "projectedInvested": 506.9399905204773,
      "target": 24.75248,
      "projectedBRL": 3514.85216,
      "composite_score": 0.5064595085576667,
      "momentum_score": 0.0128372245420536,
      "upside_pct": 5.933467916767204,
      "annual_ret": 0.1064482228536985,
      "annual_vol": 0.3476790233094846
    },
    {
      "ticker": "PETR3.SA",
      "weight": 20.599194385633975,
      "current": 54.72999954223633,
      "projectedQty": 8,
      "projectedInvested": 437.8399963378906,
      "target": 52.36667,
      "projectedBRL": 418.93336,
      "composite_score": 0.5942151237782436,
      "momentum_score": 0.7113821240039053,
      "upside_pct": -0.04318161085334,
      "annual_ret": 0.3328556736975557,
      "annual_vol": 0.8189624534695547
    },
    {
      "ticker": "SAPR11.SA",
      "weight": 11.867632140938806,
      "current": 40.540000915527344,
      "projectedQty": 6,
      "projectedInvested": 243.24000549316406,
      "target": 41.41182,
      "projectedBRL": 248.47091999999998,
      "composite_score": 0.4478265719546144,
      "momentum_score": 0.1895539535618837,
      "upside_pct": 0.021505157000101,
      "annual_ret": 0.1347168098173614,
      "annual_vol": 0.3038096115807741
    },
    {
      "ticker": "CMIG3.SA",
      "weight": 7.732904855540211,
      "current": 16.809999465942383,
      "projectedQty": 10,
      "projectedInvested": 168.09999465942383,
      "target": 32.36864204075674,
      "projectedBRL": 323.6864204075674,
      "composite_score": 0.4888668546111591,
      "momentum_score": 0.2119682483519207,
      "upside_pct": 0.9255587786505696,
      "annual_ret": 0.1752493025608484,
      "annual_vol": 0.5289464443954942
    },
    {
      "ticker": "MDNE3.SA",
      "weight": 6.312703724394035,
      "current": 30.190000534057617,
      "projectedQty": 4,
      "projectedInvested": 120.76000213623047,
      "target": 42.5,
      "projectedBRL": 170.0,
      "composite_score": 0.4935260499306767,
      "momentum_score": 0.1383861241683939,
      "upside_pct": 0.4077508859946974,
      "annual_ret": 0.2465455700018989,
      "annual_vol": 0.570786779584402
    },
    {
      "ticker": "PLPL3.SA",
      "weight": 3.8352966179701027,
      "current": 10.1899995803833,
      "projectedQty": 8,
      "projectedInvested": 81.5199966430664,
      "target": 22.33333,
      "projectedBRL": 178.66664,
      "composite_score": 0.393324467535631,
      "momentum_score": -0.3404530934510104,
      "upside_pct": 1.19169096365752,
      "annual_ret": 0.1585768423230286,
      "annual_vol": 0.5223767611570763
    },
    {
      "ticker": "VALE3.SA",
      "weight": 3.3949339596378962,
      "current": 81.18000030517578,
      "projectedQty": 1,
      "projectedInvested": 81.18000030517578,
      "target": 89.401306,
      "projectedBRL": 89.401306,
      "composite_score": 0.5052901524385025,
      "momentum_score": 0.3144430458456086,
      "upside_pct": 0.1012725506765002,
      "annual_ret": 0.2088125243633421,
      "annual_vol": 0.5300059730013208
    },
    {
      "ticker": "JBSS32.SA",
      "weight": 3.310458039754665,
      "current": 79.16000366210938,
      "projectedQty": 1,
      "projectedInvested": 79.16000366210938,
      "target": 108.1875,
      "projectedBRL": 108.1875,
      "composite_score": 0.4170999345984633,
      "momentum_score": 0.149578898641622,
      "upside_pct": 0.3666939741664627,
      "annual_ret": 0.0906333902802717,
      "annual_vol": 0.3137225585234044
    },
    {
      "ticker": "PRIO3.SA",
      "weight": 2.777255184092401,
      "current": 66.41000366210938,
      "projectedQty": 1,
      "projectedInvested": 66.41000366210938,
      "target": 67.08214,
      "projectedBRL": 67.08214,
      "composite_score": 0.6921855419880343,
      "momentum_score": 0.8016821096703712,
      "upside_pct": 0.0101210104024449,
      "annual_ret": 0.5558260379517356,
      "annual_vol": 0.6754344686914374
    },
    {
      "ticker": "PETR4.SA",
      "weight": 4.105034844270979,
      "current": 49.08000183105469,
      "projectedQty": 1,
      "projectedInvested": 49.08000183105469,
      "target": 51.7,
      "projectedBRL": 51.7,
      "composite_score": 0.5732405018548614,
      "momentum_score": 0.6257039073479673,
      "upside_pct": 0.0533821937897229,
      "annual_ret": 0.2823108666071652,
      "annual_vol": 0.7134184681868795
    },
    {
      "ticker": "WEGE3.SA",
      "weight": 1.8760376808196353,
      "current": 44.86000061035156,
      "projectedQty": 1,
      "projectedInvested": 44.86000061035156,
      "target": 53.97143,
      "projectedBRL": 53.97143,
      "composite_score": 0.5012857025251024,
      "momentum_score": 0.0825290081317307,
      "upside_pct": 0.2031080977637336,
      "annual_ret": 0.238826330074437,
      "annual_vol": 0.3347018201880606
    },
    {
      "ticker": "FRAS3.SA",
      "weight": 2.712434396917597,
      "current": 21.6200008392334,
      "projectedQty": 2,
      "projectedInvested": 43.2400016784668,
      "target": 27.14444,
      "projectedBRL": 54.28888,
      "composite_score": 0.4578046995902374,
      "momentum_score": -0.0517543174259894,
      "upside_pct": 0.2555244656023097,
      "annual_ret": 0.213653505243658,
      "annual_vol": 0.3852577515492759
    },
    {
      "ticker": "NEOE3.SA",
      "weight": 2.8228386476237497,
      "current": 33.75,
      "projectedQty": 1,
      "projectedInvested": 33.75,
      "target": 34.82889,
      "projectedBRL": 34.82889,
      "composite_score": 0.4546511710543639,
      "momentum_score": 0.1925795374510948,
      "upside_pct": 0.031967111111111,
      "annual_ret": 0.1436684803351702,
      "annual_vol": 0.2877275777339446
    },
    {
      "ticker": "VULC3.SA",
      "weight": 1.9797508046988235,
      "current": 15.779999732971191,
      "projectedQty": 2,
      "projectedInvested": 31.559999465942383,
      "target": 23.0,
      "projectedBRL": 46.0,
      "composite_score": 0.4629266000113373,
      "momentum_score": -0.2591549155778809,
      "upside_pct": 0.4575412160459755,
      "annual_ret": 0.3594150660598396,
      "annual_vol": 0.6261653317066368
    },
    {
      "ticker": "TEND3.SA",
      "weight": 1.1751372900008126,
      "current": 28.100000381469727,
      "projectedQty": 1,
      "projectedInvested": 28.100000381469727,
      "target": 41.625,
      "projectedBRL": 41.625,
      "composite_score": 0.5202591621283247,
      "momentum_score": 0.1911827130016816,
      "upside_pct": 0.4813167058691288,
      "annual_ret": 0.2731491422584354,
      "annual_vol": 0.5019683431360751
    },
    {
      "ticker": "PRNR3.SA",
      "weight": 0.7866310141369518,
      "current": 18.809999465942383,
      "projectedQty": 1,
      "projectedInvested": 18.809999465942383,
      "target": 26.7,
      "projectedBRL": 26.7,
      "composite_score": 0.4827718490954068,
      "momentum_score": 0.2607238183483105,
      "upside_pct": 0.4194577755487632,
      "annual_ret": 0.1605150295473821,