{
  "stocks": [
    "KLBN11.SA",
    "JBSS32.SA",
    "MDNE3.SA",
    "VALE3.SA",
    "PETR3.SA",
    "PLPL3.SA",
    "PRIO3.SA",
    "KLBN4.SA",
    "VULC3.SA",
    "SAPR11.SA",
    "AMBP3.SA",
    "TEND3.SA",
    "CMIG3.SA",
    "FRAS3.SA",
    "PETR4.SA",
    "WEGE3.SA",
    "SLCE3.SA"
  ],
  "weights": [
    31.837358873151146,
    1.4337637339577787,
    4.3558382836733855,
    1.4416979214410461,
    15.6798285821746,
    2.590494179609524,
    5.443349215081912,
    12.504099770412857,
    1.9603841842914538,
    7.016748109213941,
    1.072339948962858,
    0.5380333133019821,
    7.8163492183247865,
    0.7475581367443423,
    0.3163822825921748,
    3.2746846280848696,
    1.9710896189813372
  ],
  "rows": [
    {
      "ticker": "KLBN11.SA",
      "weight": 31.837358873151146,
      "current": 18.700000762939453,
      "projectedQty": 74,
      "projectedInvested": 1383.8000564575195,
      "target": 23.052,
      "projectedBRL": 1705.848,
      "composite_score": 0.3806578839048287,
      "momentum_score": 0.0792571892422424,
      "upside_pct": 0.2327272224333565,
      "annual_ret": 0.1053503146360458,
      "annual_vol": 0.3320475199154785
    },
    {
      "ticker": "PETR3.SA",
      "weight": 15.6798285821746,
      "current": 52.70000076293945,
      "projectedQty": 12,
      "projectedInvested": 632.4000091552734,
      "target": 51.96667,
      "projectedBRL": 623.60004,
      "composite_score": 0.5340033012798326,
      "momentum_score": 0.6603655054494946,
      "upside_pct": -0.0139151945412334,
      "annual_ret": 0.3302285070537204,
      "annual_vol": 0.8197459749210855
    },
    {
      "ticker": "KLBN4.SA",
      "weight": 12.504099770412857,
      "current": 3.759999990463257,
      "projectedQty": 144,
      "projectedInvested": 541.439998626709,
      "target": 24.75248,
      "projectedBRL": 3564.3571199999997,
      "composite_score": 0.5148330882820791,
      "momentum_score": 0.0819375117399945,
      "upside_pct": 5.583106399675903,
      "annual_ret": 0.1110634506017975,
      "annual_vol": 0.3478133759154634
    },
    {
      "ticker": "CMIG3.SA",
      "weight": 7.8163492183247865,
      "current": 17.920000076293945,
      "projectedQty": 18,
      "projectedInvested": 322.560001373291,
      "target": 36.66847143633949,
      "projectedBRL": 660.0324858541107,
      "composite_score": 0.4706588698250227,
      "momentum_score": 0.2855093698504407,
      "upside_pct": 1.0462316562625222,
      "annual_ret": 0.1810281004509787,
      "annual_vol": 0.5293000492913039
    },
    {
      "ticker": "SAPR11.SA",
      "weight": 7.016748109213941,
      "current": 42.45000076293945,
      "projectedQty": 7,
      "projectedInvested": 297.1500053405762,
      "target": 41.41182,
      "projectedBRL": 289.88274,
      "composite_score": 0.4084168009929931,
      "momentum_score": 0.164928714674138,
      "upside_pct": -0.024456554635585,
      "annual_ret": 0.1405329758066388,
      "annual_vol": 0.3036279998762318
    },
    {
      "ticker": "PRIO3.SA",
      "weight": 5.443349215081912,
      "current": 62.70000076293945,
      "projectedQty": 3,
      "projectedInvested": 188.10000228881836,
      "target": 66.04643,
      "projectedBRL": 198.13929000000002,
      "composite_score": 0.6351652167562636,
      "momentum_score": 0.8121388302902852,
      "upside_pct": 0.0533720764966647,
      "annual_ret": 0.5519362760425346,
      "annual_vol": 0.6760339067837948
    },
    {
      "ticker": "MDNE3.SA",
      "weight": 4.3558382836733855,
      "current": 32.939998626708984,
      "projectedQty": 5,
      "projectedInvested": 164.69999313354492,
      "target": 42.5,
      "projectedBRL": 212.5,
      "composite_score": 0.4724149794784008,
      "momentum_score": 0.2323232020509456,
      "upside_pct": 0.2902247046707344,
      "annual_ret": 0.2610664484400355,
      "annual_vol": 0.5706473619339655
    },
    {
      "ticker": "WEGE3.SA",
      "weight": 3.2746846280848696,
      "current": 47.189998626708984,
      "projectedQty": 3,
      "projectedInvested": 141.56999588012695,
      "target": 53.89231,
      "projectedBRL": 161.67693,
      "composite_score": 0.4905430562020897,
      "momentum_score": 0.2610903510377975,
      "upside_pct": 0.1420282171717968,
      "annual_ret": 0.2434220151441201,
      "annual_vol": 0.3342729616741255
    },
    {
      "ticker": "PLPL3.SA",
      "weight": 2.590494179609524,
      "current": 13.0600004196167,
      "projectedQty": 8,
      "projectedInvested": 104.4800033569336,
      "target": 22.33333,
      "projectedBRL": 178.66664,
      "composite_score": 0.4129064359464481,
      "momentum_score": -0.1054794466860146,
      "upside_pct": 0.7100558409212874,
      "annual_ret": 0.2022197906367699,
      "annual_vol": 0.5197161791180415
    },
    {
      "ticker": "VULC3.SA",
      "weight": 1.9603841842914538,
      "current": 16.530000686645508,
      "projectedQty": 5,
      "projectedInvested": 82.65000343322754,
      "target": 23.0,
      "projectedBRL": 115.0,
      "composite_score": 0.4465332406282245,
      "momentum_score": -0.1604875450331393,
      "upside_pct": 0.3914095005804547,
      "annual_ret": 0.3640792932141065,
      "annual_vol": 0.6266710899022683
    },
    {
      "ticker": "SLCE3.SA",
      "weight": 1.9710896189813372,
      "current": 17.68000030517578,
      "projectedQty": 4,
      "projectedInvested": 70.72000122070312,
      "target": 19.70909,
      "projectedBRL": 78.83636,
      "composite_score": 0.4722486499339875,
      "momentum_score": 0.2596580932458883,
      "upside_pct": 0.1147675146945674,
      "annual_ret": 0.2409794416093046,
      "annual_vol": 0.4674671430303083
    },
    {
      "ticker": "AMBP3.SA",
      "weight": 1.072339948962858,
      "current": 0.23000000417232513,
      "projectedQty": 203,
      "projectedInvested": 46.690000846982,
      "target": 2.530000045895576,
      "projectedBRL": 513.5900093168019,
      "composite_score": 0.5128492846207519,
      "momentum_score": -0.581818183295983,
      "upside_pct": 10.0,
      "annual_ret": 0.0070208293748677,
      "annual_vol": 0.896901698382785
    },
    {
      "ticker": "FRAS3.SA",
      "weight": 0.7475581367443423,
      "current": 22.0,
      "projectedQty": 1,
      "projectedInvested": 22.0,
      "target": 27.31111,
      "projectedBRL": 27.31111,
      "composite_score": 0.4305103615796528,
      "momentum_score": -0.0072202097704795,
      "upside_pct": 0.2414140909090909,
      "annual_ret": 0.215558040078931,
      "annual_vol": 0.3855524675594393
    },
    {
      "ticker": "JBSS32.SA",
      "weight": 1.4337637339577787,
      "current": 86.73999786376953,
      "projectedQty": 0,
      "projectedInvested": 0.0,
      "target": 109.425,
      "projectedBRL": 0.0,
      "composite_score": 0.4666423339678803,
      "momentum_score": 0.2536492961858982,
      "upside_pct": 0.2615287375480299,
      "annual_ret": 0.1983867637394254,
      "annual_vol": 0.3133408267223134
    },
    {
      "ticker": "VALE3.SA",
      "weight": 1.4416979214410461,
      "current": 87.22000122070312,
      "projectedQty": 0,
      "projectedInvested": 0.0,
      "target": 90.71986,
      "projectedBRL": 0.0,
      "composite_score": 0.4815869766310567,
      "momentum_score": 0.433125211074481,
      "upside_pct": 0.0401267912212104,
      "annual_ret": 0.2152407003215011,
      "annual_vol": 0.5301893557056115
    },
    {
      "ticker": "TEND3.SA",
      "weight": 0.5380333133019821,
      "current": 32.54999923706055,
      "projectedQty": 0,
      "projectedInvested": 0.0,
      "target": 41.625,
      "projectedBRL": 0.0,
      "composite_score": 0.5085718946170814,
      "momentum_score": 0.3716814102387891,
      "upside_pct": 0.2788018732918096,
      "annual_ret": 0.285909926397379,
      "annual_vol": 0.5015374327495029
    },
    {
      "ticker": "PETR4.SA",
      "weight": 0.3163822825921748,
      "current": 47.66999816894531,