{
  "stocks": [
    "AMBP3.SA",
    "KLBN4.SA",
    "JBSS32.SA",
    "CXSE3.SA",
    "FRAS3.SA",
    "SAPR11.SA",
    "PETR4.SA",
    "CMIG3.SA",
    "PRNR3.SA",
    "VULC3.SA",
    "VALE3.SA",
    "WEGE3.SA",
    "NEOE3.SA",
    "PETR3.SA",
    "PLPL3.SA",
    "TEND3.SA",
    "MDNE3.SA",
    "PRIO3.SA"
  ],
  "weights": [
    0.44320883311168846,
    19.291671347467922,
    3.2225312865612086,
    0.7316974895720483,
    0.8658688885215947,
    14.900278188164911,
    1.9146621878613725,
    9.39199792646825,
    0.7864942429185248,
    1.2579072309451522,
    3.4002175780409956,
    1.9053951124719957,
    1.361859845655158,
    23.401426176958708,
    4.799951654794474,
    1.1475079484120716,
    8.5825377272251,
    2.594786334848824
  ],
  "rows": [
    {
      "ticker": "PETR3.SA",
      "weight": 23.401426176958708,
      "current": 52.79999923706055,
      "projectedQty": 10,
      "projectedInvested": 527.9999923706055,
      "target": 52.36667,
      "projectedBRL": 523.6667,
      "composite_score": 0.6071131347373158,
      "momentum_score": 0.690682036855375,
      "upside_pct": -0.0082069932447346,
      "annual_ret": 0.3299470894410725,
      "annual_vol": 0.8191935232397131
    },
    {
      "ticker": "KLBN4.SA",
      "weight": 19.291671347467922,
      "current": 3.5999999046325684,
      "projectedQty": 130,
      "projectedInvested": 467.9999876022339,
      "target": 24.75248,
      "projectedBRL": 3217.8224,
      "composite_score": 0.5171498718083989,
      "momentum_score": 0.0508672276629817,
      "upside_pct": 5.875689071032446,
      "annual_ret": 0.1072267874160389,
      "annual_vol": 0.3477536859009232
    },
    {
      "ticker": "SAPR11.SA",
      "weight": 14.900278188164911,
      "current": 41.09000015258789,
      "projectedQty": 8,
      "projectedInvested": 328.7200012207031,
      "target": 41.41182,
      "projectedBRL": 331.29456,
      "composite_score": 0.4503810244303134,
      "momentum_score": 0.1461646276568011,
      "upside_pct": 0.0078320721882947,
      "annual_ret": 0.1364693935066481,
      "annual_vol": 0.3038945166080379
    },
    {
      "ticker": "CMIG3.SA",
      "weight": 9.39199792646825,
      "current": 16.649999618530273,
      "projectedQty": 13,
      "projectedInvested": 216.44999504089355,
      "target": 32.2712492796174,
      "projectedBRL": 419.5262406350262,
      "composite_score": 0.4974840277437438,
      "momentum_score": 0.2109090631658381,
      "upside_pct": 0.9382132143535776,
      "annual_ret": 0.1745307093789647,
      "annual_vol": 0.5291007356499582
    },
    {
      "ticker": "MDNE3.SA",
      "weight": 8.5825377272251,
      "current": 30.43000030517578,
      "projectedQty": 6,
      "projectedInvested": 182.5800018310547,
      "target": 42.5,
      "projectedBRL": 255.0,
      "composite_score": 0.5048573843452274,
      "momentum_score": 0.1601220295934999,
      "upside_pct": 0.3966480306860613,
      "annual_ret": 0.2480654119929908,
      "annual_vol": 0.570991316416917
    },
    {
      "ticker": "PLPL3.SA",
      "weight": 4.799951654794474,
      "current": 10.829999923706055,
      "projectedQty": 10,
      "projectedInvested": 108.29999923706055,
      "target": 22.33333,
      "projectedBRL": 223.3333,
      "composite_score": 0.4083969482839293,
      "momentum_score": -0.2667569676334439,
      "upside_pct": 1.0621726830407463,
      "annual_ret": 0.1694620507899031,
      "annual_vol": 0.5220738044539739
    },
    {
      "ticker": "VALE3.SA",
      "weight": 3.4002175780409956,
      "current": 84.38999938964844,
      "projectedQty": 1,
      "projectedInvested": 84.38999938964844,
      "target": 90.176926,
      "projectedBRL": 90.176926,
      "composite_score": 0.5304378677423001,
      "momentum_score": 0.3879934284309767,
      "upside_pct": 0.0685736064960962,
      "annual_ret": 0.2121217064922744,
      "annual_vol": 0.5298633728378296
    },
    {
      "ticker": "JBSS32.SA",
      "weight": 3.2225312865612086,
      "current": 79.9800033569336,
      "projectedQty": 1,
      "projectedInvested": 79.9800033569336,
      "target": 108.575,
      "projectedBRL": 108.575,
      "composite_score": 0.4377982611470511,
      "momentum_score": 0.1640227684853481,
      "upside_pct": 0.3575268247420931,
      "annual_ret": 0.1029945507237728,
      "annual_vol": 0.3142921697991123
    },
    {
      "ticker": "PRIO3.SA",
      "weight": 2.594786334848824,
      "current": 64.4000015258789,
      "projectedQty": 1,
      "projectedInvested": 64.4000015258789,
      "target": 67.225,
      "projectedBRL": 67.225,
      "composite_score": 0.7133370976139404,
      "momentum_score": 0.8321479012871429,
      "upside_pct": 0.0438664348941959,
      "annual_ret": 0.5535183213127075,
      "annual_vol": 0.6756132654921269
    },
    {
      "ticker": "PETR4.SA",
      "weight": 1.9146621878613725,
      "current": 47.52000045776367,
      "projectedQty": 1,
      "projectedInvested": 47.52000045776367,
      "target": 51.7,
      "projectedBRL": 51.7,
      "composite_score": 0.5858127076453051,
      "momentum_score": 0.6103015957029783,
      "upside_pct": 0.0879629524825356,
      "annual_ret": 0.279682013357874,
      "annual_vol": 0.7136108632866102
    },
    {
      "ticker": "WEGE3.SA",
      "weight": 1.9053951124719957,
      "current": 47.290000915527344,
      "projectedQty": 1,
      "projectedInvested": 47.290000915527344,
      "target": 54.68571,
      "projectedBRL": 54.68571,
      "composite_score": 0.5291536027541218,
      "momentum_score": 0.1920847768666438,
      "upside_pct": 0.1563905464430712,
      "annual_ret": 0.2433164970948587,
      "annual_vol": 0.3341791959055664
    },
    {
      "ticker": "NEOE3.SA",
      "weight": 1.361859845655158,
      "current": 33.79999923706055,
      "projectedQty": 1,
      "projectedInvested": 33.79999923706055,
      "target": 34.82889,
      "projectedBRL": 34.82889,
      "composite_score": 0.4628903852569416,
      "momentum_score": 0.1843026682830788,
      "upside_pct": 0.0304405558036613,
      "annual_ret": 0.1440572390783892,
      "annual_vol": 0.2878959104913255
    },
    {
      "ticker": "TEND3.SA",
      "weight": 1.1475079484120716,
      "current": 28.479999542236328,
      "projectedQty": 1,
      "projectedInvested": 28.479999542236328,
      "target": 41.625,
      "projectedBRL": 41.625,
      "composite_score": 0.5349770176093531,
      "momentum_score": 0.2302375814917807,
      "upside_pct": 0.4615519897838975,
      "annual_ret": 0.2743916947870191,
      "annual_vol": 0.5019378285009994
    },
    {
      "ticker": "FRAS3.SA",
      "weight": 0.8658688885215947,
      "current": 21.489999771118164,
      "projectedQty": 1,
      "projectedInvested": 21.489999771118164,
      "target": 27.14444,
      "projectedBRL": 27.14444,
      "composite_score": 0.4624054526646084,
      "momentum_score": -0.0461607138850996,
      "upside_pct": 0.2631196039602201,
      "annual_ret": 0.2132713182657975,
      "annual_vol": 0.3853678587551728
    },
    {
      "ticker": "PRNR3.SA",
      "weight": 0.7864942429185248,
      "current": 19.520000457763672,
      "projectedQty": 1,
      "projectedInvested": 19.520000457763672,
      "target": 26.7,
      "projectedBRL": 26.7,
      "composite_score": 0.5072943077788183,
      "momentum_score": 0.3269884709138735,
      "upside_pct": 0.3678278367755176,
      "annual_ret": 0.1667190280205692,
      "annual_vol": 0.4592753754439325
    },
    {
      "ticker": "CXSE3.SA",
      "weight": 0.7316974895720483,
      "current": 18.15999984741211,
      "projectedQty": 1,
      "projectedInvested": 18.15999984741211,
      "target": 19.31429,
      "projectedBRL": 19.31429,
      "composite_score": 0.480645131230617,
      "momentum_score": 0.2139037300204116,
      "upside_pct": 0.0635622336060968,
      "annual_ret": 0.1598592080300625,
      "annual_vol": 0.2806659063342642
    },
    {
      "ticker": "VULC3.SA",