{
  "stocks": [
    "VALE3.SA",
    "PETR4.SA",
    "PLPL3.SA",
    "NEOE3.SA",
    "KLBN4.SA",
    "JBSS32.SA",
    "AMBP3.SA",
    "SAPR11.SA",
    "PRNR3.SA",
    "VULC3.SA",
    "WEGE3.SA",
    "PETR3.SA",
    "MDNE3.SA",
    "SLCE3.SA",
    "TEND3.SA",
    "PSSA3.SA",
    "PRIO3.SA",
    "FRAS3.SA",
    "CMIG3.SA"
  ],
  "weights": [
    3.1852532096777026,
    1.9257481248541857,
    3.9982420236528324,
    1.3242460633468174,
    20.17091565971275,
    3.1059947621946074,
    0.8114195093813777,
    12.725318310035782,
    1.4760929033677002,
    1.238317186725981,
    1.7601682728887076,
    19.326929717541223,
    7.107375886162509,
    0.6670276467228414,
    1.1025574780801586,
    1.9536063024124897,
    5.211448054304952,
    1.696604503757613,
    11.212734385179768
  ],
  "rows": [
    {
      "ticker": "KLBN4.SA",
      "weight": 20.17091565971275,
      "current": 3.569999933242798,
      "projectedQty": 143,
      "projectedInvested": 510.5099904537201,
      "target": 24.75248,
      "projectedBRL": 3539.6046399999996,
      "composite_score": 0.5064889655153018,
      "momentum_score": 0.0128372245420536,
      "upside_pct": 5.933467916767204,
      "annual_ret": 0.1064482228536985,
      "annual_vol": 0.3476790233094846
    },
    {
      "ticker": "PETR3.SA",
      "weight": 19.326929717541223,
      "current": 54.72999954223633,
      "projectedQty": 8,
      "projectedInvested": 437.8399963378906,
      "target": 52.36667,
      "projectedBRL": 418.93336,
      "composite_score": 0.5940975304541178,
      "momentum_score": 0.7113821240039053,
      "upside_pct": -0.04318161085334,
      "annual_ret": 0.3328556736975557,
      "annual_vol": 0.8189624534695547
    },
    {
      "ticker": "SAPR11.SA",
      "weight": 12.725318310035782,
      "current": 40.540000915527344,
      "projectedQty": 7,
      "projectedInvested": 283.7800064086914,
      "target": 41.41182,
      "projectedBRL": 289.88274,
      "composite_score": 0.4477446671170477,
      "momentum_score": 0.1895539535618837,
      "upside_pct": 0.021505157000101,
      "annual_ret": 0.1347168098173614,
      "annual_vol": 0.3038096115807741
    },
    {
      "ticker": "CMIG3.SA",
      "weight": 11.212734385179768,
      "current": 16.809999465942383,
      "projectedQty": 16,
      "projectedInvested": 268.9599914550781,
      "target": 32.90740352615436,
      "projectedBRL": 526.5184564184698,
      "composite_score": 0.4893631619925146,
      "momentum_score": 0.2119682483519207,
      "upside_pct": 0.957608838288535,
      "annual_ret": 0.1752493025608484,
      "annual_vol": 0.5289464443954942
    },
    {
      "ticker": "MDNE3.SA",
      "weight": 7.107375886162509,
      "current": 30.190000534057617,
      "projectedQty": 5,
      "projectedInvested": 150.9500026702881,
      "target": 42.5,
      "projectedBRL": 212.5,
      "composite_score": 0.4934421917649004,
      "momentum_score": 0.1383861241683939,
      "upside_pct": 0.4077508859946974,
      "annual_ret": 0.2465455700018989,
      "annual_vol": 0.570786779584402
    },
    {
      "ticker": "PLPL3.SA",
      "weight": 3.9982420236528324,
      "current": 10.1899995803833,
      "projectedQty": 9,
      "projectedInvested": 91.7099962234497,
      "target": 22.33333,
      "projectedBRL": 200.99997,
      "composite_score": 0.3932809205748113,
      "momentum_score": -0.3404530934510104,
      "upside_pct": 1.19169096365752,
      "annual_ret": 0.1585768423230286,
      "annual_vol": 0.5223767611570763
    },
    {
      "ticker": "VALE3.SA",
      "weight": 3.1852532096777026,
      "current": 81.18000030517578,
      "projectedQty": 1,
      "projectedInvested": 81.18000030517578,
      "target": 89.4637,
      "projectedBRL": 89.4637,
      "composite_score": 0.5052103255957384,
      "momentum_score": 0.3144430458456086,
      "upside_pct": 0.1020411389958577,
      "annual_ret": 0.2088125243633421,
      "annual_vol": 0.5300059730013208
    },
    {
      "ticker": "JBSS32.SA",
      "weight": 3.1059947621946074,
      "current": 79.16000366210938,
      "projectedQty": 1,
      "projectedInvested": 79.16000366210938,
      "target": 108.575,
      "projectedBRL": 108.575,
      "composite_score": 0.4171190832055324,
      "momentum_score": 0.149578898641622,
      "upside_pct": 0.3715891230051871,
      "annual_ret": 0.0906333902802717,
      "annual_vol": 0.3137225585234044
    },
    {
      "ticker": "PRIO3.SA",
      "weight": 5.211448054304952,
      "current": 66.41000366210938,
      "projectedQty": 1,
      "projectedInvested": 66.41000366210938,
      "target": 67.225,
      "projectedBRL": 67.225,
      "composite_score": 0.6920850559527048,
      "momentum_score": 0.8016821096703712,
      "upside_pct": 0.0122721923347162,
      "annual_ret": 0.5558260379517356,
      "annual_vol": 0.6754344686914374
    },
    {
      "ticker": "PSSA3.SA",
      "weight": 1.9536063024124897,
      "current": 49.790000915527344,
      "projectedQty": 1,
      "projectedInvested": 49.790000915527344,
      "target": 55.0,
      "projectedBRL": 55.0,
      "composite_score": 0.4468233583105187,
      "momentum_score": 0.0508653396598155,
      "upside_pct": 0.1046394655286677,
      "annual_ret": 0.1682236385280881,
      "annual_vol": 0.3875943321450187
    },
    {
      "ticker": "PETR4.SA",
      "weight": 1.9257481248541857,
      "current": 49.08000183105469,
      "projectedQty": 1,
      "projectedInvested": 49.08000183105469,
      "target": 51.7,
      "projectedBRL": 51.7,
      "composite_score": 0.5731298857093517,
      "momentum_score": 0.6257039073479673,
      "upside_pct": 0.0533821937897229,
      "annual_ret": 0.2823108666071652,
      "annual_vol": 0.7134184681868795
    },
    {
      "ticker": "WEGE3.SA",
      "weight": 1.7601682728887076,
      "current": 44.86000061035156,
      "projectedQty": 1,
      "projectedInvested": 44.86000061035156,
      "target": 54.68571,
      "projectedBRL": 54.68571,
      "composite_score": 0.5014784277700726,
      "momentum_score": 0.0825290081317307,
      "upside_pct": 0.2190305228703257,
      "annual_ret": 0.238826330074437,
      "annual_vol": 0.3347018201880606
    },
    {
      "ticker": "NEOE3.SA",
      "weight": 1.3242460633468174,
      "current": 33.75,
      "projectedQty": 1,
      "projectedInvested": 33.75,
      "target": 34.82889,
      "projectedBRL": 34.82889,
      "composite_score": 0.4545679515170783,
      "momentum_score": 0.1925795374510948,
      "upside_pct": 0.031967111111111,
      "annual_ret": 0.1436684803351702,
      "annual_vol": 0.2877275777339446
    },
    {
      "ticker": "TEND3.SA",
      "weight": 1.1025574780801586,
      "current": 28.100000381469727,
      "projectedQty": 1,
      "projectedInvested": 28.100000381469727,
      "target": 41.625,
      "projectedBRL": 41.625,
      "composite_score": 0.5201707089462588,
      "momentum_score": 0.1911827130016816,
      "upside_pct": 0.4813167058691288,
      "annual_ret": 0.2731491422584354,
      "annual_vol": 0.5019683431360751
    },
    {
      "ticker": "FRAS3.SA",
      "weight": 1.696604503757613,
      "current": 21.6200008392334,
      "projectedQty": 1,
      "projectedInvested": 21.6200008392334,
      "target": 27.14444,
      "projectedBRL": 27.14444,
      "composite_score": 0.4577262251530521,
      "momentum_score": -0.0517543174259894,
      "upside_pct": 0.2555244656023097,
      "annual_ret": 0.213653505243658,
      "annual_vol": 0.3852577515492759
    },
    {
      "ticker": "AMBP3.SA",
      "weight": 0.8114195093813777,
      "current": 0.2199999988079071,
      "projectedQty": 93,
      "projectedInvested": 20.45999988913536,
      "target": 2.419999986886978,
      "projectedBRL": 225.05999878048897,
      "composite_score": 0.4960262354779172,
      "momentum_score": -0.4210526274512018,
      "upside_pct": 10.0,
      "annual_ret": -0.000223243558957,