{
  "stocks": [
    "NEOE3.SA",
    "AMBP3.SA",
    "PETR4.SA",
    "VULC3.SA",
    "TEND3.SA",
    "MDNE3.SA",
    "PETR3.SA",
    "KLBN4.SA",
    "VALE3.SA",
    "SAPR11.SA",
    "RANI3.SA",
    "CMIG3.SA",
    "CXSE3.SA",
    "PRIO3.SA",
    "WEGE3.SA",
    "JBSS32.SA",
    "PLPL3.SA"
  ],
  "weights": [
    1.855222262667152,
    0.4980059760717128,
    2.55992755203525,
    1.1426874794234223,
    1.0347911478890803,
    8.553501298606516,
    22.775542430674346,
    18.307057578731325,
    3.095683813180486,
    15.043936850974255,
    1.644019728236739,
    9.633912367754897,
    1.1052132625591506,
    3.4627229347517297,
    1.744807002408104,
    2.915735832707762,
    4.627232481328072
  ],
  "rows": [
    {
      "ticker": "PETR3.SA",
      "weight": 22.775542430674346,
      "current": 52.41999816894531,
      "projectedQty": 10,
      "projectedInvested": 524.1999816894531,
      "target": 52.36667,
      "projectedBRL": 523.6667,
      "composite_score": 0.570345171453581,
      "momentum_score": 0.6609632147020079,
      "upside_pct": -0.0010173248914172,
      "annual_ret": 0.3294351736478092,
      "annual_vol": 0.819331783285901
    },
    {
      "ticker": "KLBN4.SA",
      "weight": 18.307057578731325,
      "current": 3.5899999141693115,
      "projectedQty": 123,
      "projectedInvested": 441.5699894428253,
      "target": 24.75248,
      "projectedBRL": 3044.5550399999997,
      "composite_score": 0.5166011237012607,
      "momentum_score": 0.0300853686985087,
      "upside_pct": 5.894841390470469,
      "annual_ret": 0.107023393975321,
      "annual_vol": 0.3478124760490722
    },
    {
      "ticker": "SAPR11.SA",
      "weight": 15.043936850974255,
      "current": 41.54999923706055,
      "projectedQty": 8,
      "projectedInvested": 332.3999938964844,
      "target": 41.41182,
      "projectedBRL": 331.29456,
      "composite_score": 0.433207340415379,
      "momentum_score": 0.15641522082245,
      "upside_pct": -0.0033256134680574,
      "annual_ret": 0.1378837751348881,
      "annual_vol": 0.3039409389713794
    },
    {
      "ticker": "CMIG3.SA",
      "weight": 9.633912367754897,
      "current": 16.6299991607666,
      "projectedQty": 14,
      "projectedInvested": 232.81998825073242,
      "target": 33.39874529280392,
      "projectedBRL": 467.5824340992549,
      "composite_score": 0.4775737963039163,
      "momentum_score": 0.1887061781872661,
      "upside_pct": 1.008343173678448,
      "annual_ret": 0.1744867480282786,
      "annual_vol": 0.5291912131635186
    },
    {
      "ticker": "MDNE3.SA",
      "weight": 8.553501298606516,
      "current": 29.530000686645508,
      "projectedQty": 7,
      "projectedInvested": 206.71000480651855,
      "target": 42.5,
      "projectedBRL": 297.5,
      "composite_score": 0.4774225838792234,
      "momentum_score": 0.1080675838401405,
      "upside_pct": 0.4392143248144242,
      "annual_ret": 0.243242403396495,
      "annual_vol": 0.5710519781989618
    },
    {
      "ticker": "PLPL3.SA",
      "weight": 4.627232481328072,
      "current": 10.649999618530273,
      "projectedQty": 10,
      "projectedInvested": 106.49999618530273,
      "target": 22.33333,
      "projectedBRL": 223.3333,
      "composite_score": 0.3964451874913819,
      "momentum_score": -0.3007222627292044,
      "upside_pct": 1.0970263661926831,
      "annual_ret": 0.1665240477350135,
      "annual_vol": 0.5222157160626739
    },
    {
      "ticker": "PRIO3.SA",
      "weight": 3.4627229347517297,
      "current": 64.3499984741211,
      "projectedQty": 1,
      "projectedInvested": 64.3499984741211,
      "target": 67.225,
      "projectedBRL": 67.225,
      "composite_score": 0.6768280637488744,
      "momentum_score": 0.8172832180575123,
      "upside_pct": 0.0446775694491292,
      "annual_ret": 0.5536406544761567,
      "annual_vol": 0.6757286955016836
    },
    {
      "ticker": "PETR4.SA",
      "weight": 2.55992755203525,
      "current": 47.369998931884766,
      "projectedQty": 1,
      "projectedInvested": 47.369998931884766,
      "target": 51.7,
      "projectedBRL": 51.7,
      "composite_score": 0.55309891245233,
      "momentum_score": 0.5922688716599922,
      "upside_pct": 0.0914080887850878,
      "annual_ret": 0.279504756339089,
      "annual_vol": 0.7137326655033993
    },
    {
      "ticker": "NEOE3.SA",
      "weight": 1.855222262667152,
      "current": 33.790000915527344,
      "projectedQty": 1,
      "projectedInvested": 33.790000915527344,
      "target": 34.82889,
      "projectedBRL": 34.82889,
      "composite_score": 0.4414912202245106,
      "momentum_score": 0.177762296498237,
      "upside_pct": 0.0307454589027627,
      "annual_ret": 0.1440981886842926,
      "annual_vol": 0.2879807533285303
    },
    {
      "ticker": "RANI3.SA",
      "weight": 1.644019728236739,
      "current": 8.109999656677246,
      "projectedQty": 4,
      "projectedInvested": 32.439998626708984,
      "target": 12.25,
      "projectedBRL": 49.0,
      "composite_score": 0.4392501515858694,
      "momentum_score": -0.0580720116071362,
      "upside_pct": 0.5104809517364342,
      "annual_ret": 0.2027883588933549,
      "annual_vol": 0.507409380864504
    },
    {
      "ticker": "CXSE3.SA",
      "weight": 1.1052132625591506,
      "current": 18.229999542236328,
      "projectedQty": 1,
      "projectedInvested": 18.229999542236328,
      "target": 19.31429,
      "projectedBRL": 19.31429,
      "composite_score": 0.4606608764931988,
      "momentum_score": 0.2153333028157551,
      "upside_pct": 0.0594783590230776,
      "annual_ret": 0.1607655510999924,
      "annual_vol": 0.2807715492953651
    },
    {
      "ticker": "VULC3.SA",
      "weight": 1.1426874794234223,
      "current": 15.779999732971191,
      "projectedQty": 1,
      "projectedInvested": 15.779999732971191,
      "target": 23.0,
      "projectedBRL": 23.0,
      "composite_score": 0.456479414522503,
      "momentum_score": -0.2449760755507195,
      "upside_pct": 0.4575412160459755,
      "annual_ret": 0.3597406859795253,
      "annual_vol": 0.6264167892514447
    },
    {
      "ticker": "AMBP3.SA",
      "weight": 0.4980059760717128,
      "current": 0.20999999344348907,
      "projectedQty": 57,
      "projectedInvested": 11.969999626278877,
      "target": 2.309999927878379,
      "projectedBRL": 131.6699958890676,
      "composite_score": 0.4810278084324422,
      "momentum_score": -0.637931035368678,
      "upside_pct": 10.0,
      "annual_ret": -0.0085570467135657,
      "annual_vol": 0.8963528100699102
    },
    {
      "ticker": "TEND3.SA",
      "weight": 1.0347911478890803,
      "current": 28.579999923706055,
      "projectedQty": 0,
      "projectedInvested": 0.0,
      "target": 41.625,
      "projectedBRL": 0.0,
      "composite_score": 0.5128698134785672,
      "momentum_score": 0.2125583493317562,
      "upside_pct": 0.4564380724673691,
      "annual_ret": 0.2747870882685687,
      "annual_vol": 0.502021873283589
    },
    {
      "ticker": "VALE3.SA",
      "weight": 3.095683813180486,
      "current": 85.5,
      "projectedQty": 0,
      "projectedInvested": 0.0,
      "target": 89.80203,
      "projectedBRL": 0.0,
      "composite_score": 0.5084101909480281,
      "momentum_score": 0.4039408515230913,
      "upside_pct": 0.0503161403508771,
      "annual_ret": 0.2133131231997955,
      "annual_vol": 0.5299384516721515
    },
    {
      "ticker": "WEGE3.SA",
      "weight": 1.744807002408104,
      "current": 48.189998626708984,
      "projectedQty": 0,
      "projectedInvested": 0.0,
      "target": 54.68571,
      "projectedBRL": 0.0,
      "composite_score": 0.5148037064475606,
      "momentum_score": 0.2187657438263941,
      "upside_pct": 0.1347937654783582,
      "annual_ret": 0.2450092724979384,
      "annual_vol": 0.3341865786118757
    },
    {
      "ticker": "JBSS32.SA",
      "weight": 2.915735832707762,
      "current": 80.52999877929688,
      "projectedQty": 0,