{
  "run_id": "20260406-211427",
  "run_timestamp": "2026-04-06 21:41:20",
  "momentum_signal_strength": 0.4980664514761634,
  "forward_pe_implied_upside": -0.9914854030592448,
  "weighted_dividend_yield": 473.310141,
  "turnover": 0.0691499999999999,
  "liquidity_score": 55108448.45046838,
  "tracking_error": 0.1898852855663913,
  "information_ratio": 0.6646257091092231,
  "benchmark_annual_return": 0.1532976286172339,
  "twr_total_return": 12.555107236170995,
  "annual_return": 0.2802646524178405,
  "annual_volatility": 0.2581583157666784,
  "sharpe": 0.630483863881983,
  "sortino": 0.9481259187550912,
  "max_drawdown": 0.350474200574628,
  "calmar": 0.7996727061744521,
  "beta": 0.7897872809835511,
  "correlation_vs_benchmark": 0.7029870406501616,
  "hhi": 0.21008442,
  "top3_concentration": 0.6991,
  "top5_concentration": 0.941,
  "n_assets": 7
}