{
  "run_id": "20260404-072616",
  "run_timestamp": "2026-04-04 07:46:30",
  "momentum_signal_strength": 0.4897288187230596,
  "forward_pe_implied_upside": -0.8763422986565379,
  "weighted_dividend_yield": 27.37756300000001,
  "turnover": 0.05395,
  "liquidity_score": 54445636.425461695,
  "tracking_error": 0.1437132295536956,
  "information_ratio": 0.3921897185158429,
  "benchmark_annual_return": 0.1615983571476164,
  "twr_total_return": 4.9080424686391915,
  "annual_return": 0.2074834245428283,
  "annual_volatility": 0.2412642466272636,
  "sharpe": 0.3729662633429743,
  "sortino": 0.5084753394001253,
  "max_drawdown": 0.426610148135476,
  "calmar": 0.4863537012648349,
  "beta": 0.8544506349284345,
  "correlation_vs_benchmark": 0.8152339120154396,
  "hhi": 0.20768111,
  "top3_concentration": 0.7074,
  "top5_concentration": 0.9695,
  "n_assets": 6
}