{
  "run_id": "20260407-211712",
  "run_timestamp": "2026-04-07 21:33:48",
  "momentum_signal_strength": 0.7658664849661689,
  "forward_pe_implied_upside": -0.9922756322710236,
  "weighted_dividend_yield": 573.784774,
  "turnover": 0.0734,
  "liquidity_score": 66251899.83918758,
  "tracking_error": 0.3006986964810292,
  "information_ratio": 0.6178084278976458,
  "benchmark_annual_return": 0.1532954791856436,
  "twr_total_return": 20.389570721586708,
  "annual_return": 0.3338921529755327,
  "annual_volatility": 0.3549339352512207,
  "sharpe": 0.6096688185714656,
  "sortino": 1.136227316286612,
  "max_drawdown": 0.4070075984642228,
  "calmar": 0.8203585245961518,
  "beta": 0.8371522726969319,
  "correlation_vs_benchmark": 0.5418773556957422,
  "hhi": 0.21538036,
  "top3_concentration": 0.6942,
  "top5_concentration": 0.9538,
  "n_assets": 6
}