{
  "run_id": "20260408-220322",
  "run_timestamp": "2026-04-08 22:27:00",
  "momentum_signal_strength": 0.6891422581310376,
  "forward_pe_implied_upside": -0.9926502678463324,
  "weighted_dividend_yield": 504.604994,
  "turnover": 0.20585,
  "liquidity_score": 58128676.62140695,
  "tracking_error": 0.2465835302880969,
  "information_ratio": 0.5043981881067197,
  "benchmark_annual_return": 0.1532869503214062,
  "twr_total_return": 11.685338653141736,
  "annual_return": 0.2739939886248048,
  "annual_volatility": 0.2885134357625548,
  "sharpe": 0.5424149076842254,
  "sortino": 0.9673790431514484,
  "max_drawdown": 0.3559009826027086,
  "calmar": 0.7698601634114163,
  "beta": 0.7128262709396601,
  "correlation_vs_benchmark": 0.5675217584167246,
  "hhi": 0.16062721,
  "top3_concentration": 0.5475,
  "top5_concentration": 0.8093,
  "n_assets": 7
}