{
  "run_id": "20260329-101714",
  "run_timestamp": "2026-03-29 11:24:25",
  "momentum_signal_strength": 0.5872190862667259,
  "forward_pe_implied_upside": -0.7370482558296791,
  "weighted_dividend_yield": 10.468492,
  "turnover": 0.0501999999999999,
  "liquidity_score": 105298013.11414048,
  "tracking_error": 0.1793816459894907,
  "information_ratio": 0.2446172272432264,
  "benchmark_annual_return": 0.1582837232548054,
  "twr_total_return": 4.195673563510652,
  "annual_return": 0.1940848107106338,
  "annual_volatility": 0.2229070320714007,
  "sharpe": 0.3435728787869848,
  "sortino": 0.4917597759464017,
  "max_drawdown": 0.4176400771757523,
  "calmar": 0.4647178786650751,
  "beta": 0.6653094895198098,
  "correlation_vs_benchmark": 0.687124481158899,
  "hhi": 0.18564824,
  "top3_concentration": 0.6348,
  "top5_concentration": 0.9419,
  "n_assets": 7
}