{
  "run_id": "20260330-200710",
  "run_timestamp": "2026-03-30 20:37:02",
  "momentum_signal_strength": 0.5211942988091629,
  "forward_pe_implied_upside": -0.9931719620312104,
  "weighted_dividend_yield": 352.787004,
  "turnover": 0.1849,
  "liquidity_score": 56730116.241491266,
  "tracking_error": 0.1829535969327297,
  "information_ratio": 0.3983449180506724,
  "benchmark_annual_return": 0.1502495016254555,
  "twr_total_return": 7.0945145247278685,
  "annual_return": 0.2240966796179651,
  "annual_volatility": 0.2048888697241253,
  "sharpe": 0.5202658385567418,
  "sortino": 0.7220158599072249,
  "max_drawdown": 0.294016655171523,
  "calmar": 0.7621904258696907,
  "beta": 0.5806607941004375,
  "correlation_vs_benchmark": 0.6512817907211423,
  "hhi": 0.1634781099999999,
  "top3_concentration": 0.5527,
  "top5_concentration": 0.8562,
  "n_assets": 7
}