{
  "run_id": "20260331-210616",
  "run_timestamp": "2026-03-31 21:30:56",
  "momentum_signal_strength": 0.5310608592173375,
  "forward_pe_implied_upside": -0.9931523582330368,
  "weighted_dividend_yield": 358.89236800000003,
  "turnover": 0.03815,
  "liquidity_score": 55943407.486611575,
  "tracking_error": 0.1832493401518523,
  "information_ratio": 0.3857986247173501,
  "benchmark_annual_return": 0.1506799220185349,
  "twr_total_return": 6.915576851991088,
  "annual_return": 0.2215387208772281,
  "annual_volatility": 0.2064879712341696,
  "sharpe": 0.5038488210978743,
  "sortino": 0.6937015316270091,
  "max_drawdown": 0.3048614991750769,
  "calmar": 0.726686450984098,
  "beta": 0.5858919894216218,
  "correlation_vs_benchmark": 0.6519533534090813,
  "hhi": 0.17296468,
  "top3_concentration": 0.5772,
  "top5_concentration": 0.8817,
  "n_assets": 6
}