{
  "run_id": "20260406-222822",
  "run_timestamp": "2026-04-06 22:46:45",
  "momentum_signal_strength": 0.7899366577093977,
  "forward_pe_implied_upside": -0.9919361884410408,
  "weighted_dividend_yield": 558.359821,
  "turnover": 0.43765,
  "liquidity_score": 64710315.24288211,
  "tracking_error": 0.2847760800822086,
  "information_ratio": 0.6114598778495144,
  "benchmark_annual_return": 0.1532976286172339,
  "twr_total_return": 18.512501405381496,
  "annual_return": 0.3229274031856763,
  "annual_volatility": 0.3410226233278811,
  "sharpe": 0.6023864375360377,
  "sortino": 1.124772909857551,
  "max_drawdown": 0.3832238537852993,
  "calmar": 0.8426599753537161,
  "beta": 0.8335941171057261,
  "correlation_vs_benchmark": 0.5616874919022792,
  "hhi": 0.18911612,
  "top3_concentration": 0.6275,
  "top5_concentration": 0.8621999999999999,
  "n_assets": 7
}