{
  "run_id": "STAB_20260409_2059_9",
  "run_timestamp": "2026-04-10 23:04:59",
  "momentum_signal_strength": 0.8488266959496296,
  "forward_pe_implied_upside": -0.8464037905781303,
  "weighted_dividend_yield": 28.635542,
  "turnover": 0.0559999999999999,
  "liquidity_score": 109718306.77640568,
  "tracking_error": 0.1407113226164389,
  "information_ratio": 1.126075578605676,
  "benchmark_annual_return": 0.1650775102801898,
  "twr_total_return": 17.02408504467776,
  "annual_return": 0.3415795790905536,
  "annual_volatility": 0.2412481486097554,
  "sharpe": 0.9288343988621698,
  "sortino": 1.177053794960368,
  "max_drawdown": 0.4521923375214282,
  "calmar": 0.7553855975597265,
  "beta": 0.8625789378234267,
  "correlation_vs_benchmark": 0.8228754581705804,
  "hhi": 0.14559278,
  "top3_concentration": 0.513,
  "top5_concentration": 0.7606999999999999,
  "n_assets": 8
}