{
  "run_id": "20260409-200414",
  "run_timestamp": "2026-04-09 20:22:31",
  "momentum_signal_strength": 0.7908560054883454,
  "forward_pe_implied_upside": -0.992191407753436,
  "weighted_dividend_yield": 432.5293720000001,
  "turnover": 0.4253999999999999,
  "liquidity_score": 533594225.12398493,
  "tracking_error": 0.2100097706357026,
  "information_ratio": 1.0363465912878298,
  "benchmark_annual_return": 0.1551547596603737,
  "twr_total_return": 35.747658694788115,
  "annual_return": 0.3975675090833903,
  "annual_volatility": 0.2818910040936455,
  "sharpe": 0.993531205381604,
  "sortino": 1.4359364358000786,
  "max_drawdown": 0.4474279762127651,
  "calmar": 0.8885620261133054,
  "beta": 0.8351010629633533,
  "correlation_vs_benchmark": 0.6806122084371111,
  "hhi": 0.15185331,
  "top3_concentration": 0.5587,
  "top5_concentration": 0.8068,
  "n_assets": 9
}