{
  "run_id": "20260402-134924",
  "run_timestamp": "2026-04-02 14:09:44",
  "momentum_signal_strength": 0.4719869640033711,
  "forward_pe_implied_upside": -0.8207191789982218,
  "weighted_dividend_yield": 17.163604,
  "turnover": 0.27925,
  "liquidity_score": 929653990.89078,
  "tracking_error": 0.1478984824435236,
  "information_ratio": 0.3644536931541991,
  "benchmark_annual_return": 0.161609860952184,
  "twr_total_return": 4.86382542546926,
  "annual_return": 0.2067424126083157,
  "annual_volatility": 0.2335910605744304,
  "sharpe": 0.382045496042773,
  "sortino": 0.5232301071926841,
  "max_drawdown": 0.4194741151675006,
  "calmar": 0.4928609540680744,
  "beta": 0.8084338890281448,
  "correlation_vs_benchmark": 0.7968251714757071,
  "hhi": 0.20282102,
  "top3_concentration": 0.7042,
  "top5_concentration": 0.9423,
  "n_assets": 8
}