{
  "targets": {
    "AURA33SA": 142.7593,
    "PRIO3SA": 68.10357,
    "ORVR3SA": 92.84889,
    "TEND3SA": 42.54167,
    "BPAC11SA": 66.30769,
    "PETR3SA": 58.33333,
    "CSMG3SA": 53.84417,
    "AXIA6SA": 76.9875,
    "PETR4SA": 52.67273,
    "B3SA3SA": 20.03571,
    "VALE3SA": 90.834785,
    "KLBN4SA": 24.75248,
    "ENEV3SA": 29.26364,
    "CPLE3SA": 17.90929,
    "GGBR4SA": 25.6,
    "AMBP3SA": 1.870000019669532,
    "CURY3SA": 45.79167,
    "SLCE3SA": 19.89091,
    "WEGE3SA": 52.59333,
    "PRNR3SA": 26.7,
    "UGPA3SA": 32.175,
    "CMIG3SA": 30.91471031482334,
    "OPCT3SA": 12.0,
    "ISAE4SA": 29.645,
    "EQTL3SA": 50.24,
    "SEER3SA": 16.51143,
    "VBBR3SA": 36.10625,
    "VULC3SA": 23.0,
    "RENT3SA": 58.92667,
    "PNVL3SA": 18.6,
    "MDNE3SA": 42.5,
    "POSI3SA": 6.06667,
    "LOGG3SA": 29.01111,
    "MILS3SA": 17.1,
    "SMTO3SA": 21.2,
    "ENGI11SA": 64.26083,
    "PSSA3SA": 55.81818,
    "ABCB4SA": 28.11111,
    "FRAS3SA": 27.14444,
    "CXSE3SA": 19.48571,
    "RANI3SA": 12.25,
    "ALPA4SA": 14.1875,
    "JSLG3SA": 12.0875,
    "CASH3SA": 6.65,
    "TTEN3SA": 21.63636,
    "ITSA4SA": 16.98571,
    "FESA4SA": 10.322496548012492,
    "SAPR11SA": 42.24818,
    "BRSR6SA": 15.1,
    "MOVI3SA": 14.70769,
    "RADL3SA": 27.18667,
    "BBSE3SA": 37.0,
    "CMIG4SA": 12.52077,
    "MGLU3SA": 8.86923,
    "AGRO3SA": 23.83333,
    "DASA3SA": 4.26667,
    "BBAS3SA": 26.09231,
    "ITUB4SA": 48.76923,
    "LWSA3SA": 5.95455,
    "LREN3SA": 19.01333,
    "TFCO4SA": 19.66667,
    "FLRY3SA": 17.5,
    "TRIS3SA": 8.5,
    "ANIM3SA": 6.61818,
    "MULT3SA": 37.84615,
    "SBFG3SA": 17.38889,
    "ALUP11SA": 40.82727,
    "IGTI11SA": 33.64167,
    "BBDC4SA": 22.69231,
    "TIMS3SA": 27.1,
    "DXCO3SA": 7.555,
    "BMOB3SA": 30.45,
    "CPFE3SA": 50.70917,
    "SANB11SA": 36.51538,
    "RAPT4SA": 8.0,
    "SUZB3SA": 67.07647,
    "ALOS3SA": 35.03846,
    "IRBR3SA": 60.71429,
    "KLBN11SA": 22.90875,
    "TUPY3SA": 17.55556,
    "RECV3SA": 14.10769,
    "MOTV3SA": 18.52917,
    "RAIL3SA": 19.3,
    "EZTC3SA": 18.23636,
    "TOTS3SA": 52.0,
    "DIRR3SA": 19.75,
    "CYRE3SA": 37.06154,
    "VIVT3SA": 40.42143,
    "LAVV3SA": 22.2,
    "CEAB3SA": 19.28333,
    "SIMH3SA": 15.83333,
    "INTB3SA": 16.9,
    "PLPL3SA": 21.11111,
    "MYPK3SA": 13.5,
    "EGIE3SA": 34.16714,
    "MRVE3SA": 10.44615,
    "HYPE3SA": 29.53846,
    "EVEN3SA": 8.77143,
    "YDUQ3SA": 16.80769,
    "VIVA3SA": 35.5,
    "ECOR3SA": 13.13077,
    "CAML3SA": 7.72143,
    "KEPL3SA": 9.25,
    "ASAI3SA": 11.51538,
    "VAMO3SA": 5.38462,
    "BLAU3SA": 12.554,
    "PGMN3SA": 8.41667,
    "MTRE3SA": 4.8,
    "COGN3SA": 4.43077,
    "AZZA3SA": 30.26923,
    "ONCO3SA": 2.48333,
    "MATD3SA": 7.1,
    "BEEF3SA": 6.68077,
    "MDIA3SA": 26.09091,
    "SMFT3SA": 30.23077,
    "CSAN3SA": 7.17778,
    "HBSA3SA": 4.54286,
    "AALR3SA": 6.169648195750355,
    "AURE3SA": 14.24769,
    "CMIN3SA": 5.325,
    "HAPV3SA": 13.96154,
    "SBSP3SA": 33.07133,
    "GMAT3SA": 7.175,
    "CSED3SA": 8.5,
    "MELK3SA": 4.6,
    "RDOR3SA": 49.13077,
    "VITT3SA": 6.05,
    "LJQQ3SA": 3.93333,
    "JBSS32SA": 107.175,
    "SOJA3SA": 10.14286,
    "JALL3SA": 4.8,
    "VVEO3SA": 1.425,
    "AERI3SA": 0.8306120119016673,
    "GFSA3SA": 1.9956896828663584
  },
  "symbols": {
    "AURA33SA": "AURA33.SA",
    "PRIO3SA": "PRIO3.SA",
    "ORVR3SA": "ORVR3.SA",
    "TEND3SA": "TEND3.SA",
    "BPAC11SA": "BPAC11.SA",
    "PETR3SA": "PETR3.SA",
    "CSMG3SA": "CSMG3.SA",
    "AXIA6SA": "AXIA6.SA",
    "PETR4SA": "PETR4.SA",
    "B3SA3SA": "B3SA3.SA",
    "VALE3SA": "VALE3.SA",
    "KLBN4SA": "KLBN4.SA",
    "ENEV3SA": "ENEV3.SA",
    "CPLE3SA": "CPLE3.SA",
    "GGBR4SA": "GGBR4.SA",
    "AMBP3SA": "AMBP3.SA",
    "CURY3SA": "CURY3.SA",
    "SLCE3SA": "SLCE3.SA",
    "WEGE3SA": "WEGE3.SA",
    "PRNR3SA": "PRNR3.SA",
    "UGPA3SA": "UGPA3.SA",
    "CMIG3SA": "CMIG3.SA",
    "OPCT3SA": "OPCT3.SA",
    "ISAE4SA": "ISAE4.SA",
    "EQTL3SA": "EQTL3.SA",
    "SEER3SA": "SEER3.SA",
    "VBBR3SA": "VBBR3.SA",
    "VULC3SA": "VULC3.SA",
    "RENT3SA": "RENT3.SA",
    "PNVL3SA": "PNVL3.SA",
    "MDNE3SA": "MDNE3.SA",
    "POSI3SA": "POSI3.SA",
    "LOGG3SA": "LOGG3.SA",
    "MILS3SA": "MILS3.SA",
    "SMTO3SA": "SMTO3.SA",
    "ENGI11SA": "ENGI11.SA",
    "PSSA3SA": "PSSA3.SA",
    "ABCB4SA": "ABCB4.SA",
    "FRAS3SA": "FRAS3.SA",
    "CXSE3SA": "CXSE3.SA",
    "RANI3SA": "RANI3.SA",
    "ALPA4SA": "ALPA4.SA",
    "JSLG3SA": "JSLG3.SA",
    "CASH3SA": "CASH3.SA",
    "TTEN3SA": "TTEN3.SA",
    "ITSA4SA": "ITSA4.SA",
    "FESA4SA": "FESA4.SA",
    "SAPR11SA": "SAPR11.SA",
    "BRSR6SA": "BRSR6.SA",
    "MOVI3SA": "MOVI3.SA",
    "RADL3SA": "RADL3.SA",
    "BBSE3SA": "BBSE3.SA",
    "CMIG4SA": "CMIG4.SA",
    "MGLU3SA": "MGLU3.SA",
    "AGRO3SA": "AGRO3.SA",
    "DASA3SA": "DASA3.SA",
    "BBAS3SA": "BBAS3.SA",
    "ITUB4SA": "ITUB4.SA",
    "LWSA3SA": "LWSA3.SA",
    "LREN3SA": "LREN3.SA",
    "TFCO4SA": "TFCO4.SA",
    "FLRY3SA": "FLRY3.SA",
    "TRIS3SA": "TRIS3.SA",
    "ANIM3SA": "ANIM3.SA",
    "MULT3SA": "MULT3.SA",
    "SBFG3SA": "SBFG3.SA",
    "ALUP11SA": "ALUP11.SA",
    "IGTI11SA": "IGTI11.SA",
    "BBDC4SA": "BBDC4.SA",
    "TIMS3SA": "TIMS3.SA",
    "DXCO3SA": "DXCO3.SA",
    "BMOB3SA": "BMOB3.SA",
    "CPFE3SA": "CPFE3.SA",
    "SANB11SA": "SANB11.SA",
    "RAPT4SA": "RAPT4.SA",
    "SUZB3SA": "SUZB3.SA",
    "ALOS3SA": "ALOS3.SA",
    "IRBR3SA": "IRBR3.SA",
    "KLBN11SA": "KLBN11.SA",
    "TUPY3SA": "TUPY3.SA",
    "RECV3SA": "RECV3.SA",
    "MOTV3SA": "MOTV3.SA",
    "RAIL3SA": "RAIL3.SA",
    "EZTC3SA": "EZTC3.SA",
    "TOTS3SA": "TOTS3.SA",
    "DIRR3SA": "DIRR3.SA",
    "CYRE3SA": "CYRE3.SA",
    "VIVT3SA": "VIVT3.SA",
    "LAVV3SA": "LAVV3.SA",
    "CEAB3SA": "CEAB3.SA",
    "SIMH3SA": "SIMH3.SA",
    "INTB3SA": "INTB3.SA",
    "PLPL3SA": "PLPL3.SA",
    "MYPK3SA": "MYPK3.SA",
    "EGIE3SA": "EGIE3.SA",
    "MRVE3SA": "MRVE3.SA",
    "HYPE3SA": "HYPE3.SA",
    "EVEN3SA": "EVEN3.SA",
    "YDUQ3SA": "YDUQ3.SA",
    "VIVA3SA": "VIVA3.SA",
    "ECOR3SA": "ECOR3.SA",
    "CAML3SA": "CAML3.SA",
    "KEPL3SA": "KEPL3.SA",
    "ASAI3SA": "ASAI3.SA",
    "VAMO3SA": "VAMO3.SA",
    "BLAU3SA": "BLAU3.SA",
    "PGMN3SA": "PGMN3.SA",
    "MTRE3SA": "MTRE3.SA",
    "COGN3SA": "COGN3.SA",
    "AZZA3SA": "AZZA3.SA",
    "ONCO3SA": "ONCO3.SA",
    "MATD3SA": "MATD3.SA",
    "BEEF3SA": "BEEF3.SA",
    "MDIA3SA": "MDIA3.SA",
    "SMFT3SA": "SMFT3.SA",
    "CSAN3SA": "CSAN3.SA",
    "HBSA3SA": "HBSA3.SA",
    "AALR3SA": "AALR3.SA",
    "AURE3SA": "AURE3.SA",
    "CMIN3SA": "CMIN3.SA",
    "HAPV3SA": "HAPV3.SA",
    "SBSP3SA": "SBSP3.SA",
    "GMAT3SA": "GMAT3.SA",
    "CSED3SA": "CSED3.SA",
    "MELK3SA": "MELK3.SA",
    "RDOR3SA": "RDOR3.SA",
    "VITT3SA": "VITT3.SA",
    "LJQQ3SA": "LJQQ3.SA",
    "JBSS32SA": "JBSS32.SA",
    "SOJA3SA": "SOJA3.SA",
    "JALL3SA": "JALL3.SA",
    "VVEO3SA": "VVEO3.SA",
    "AERI3SA": "AERI3.SA",
    "GFSA3SA": "GFSA3.SA"
  },
  "generated_at": "2026-05-29T01:09:51.158390+00:00"
}