{
  "targets": {
    "PRIO3SA": 68.81786,
    "AURA33SA": 146.12817,
    "ORVR3SA": 92.84889,
    "PETR3SA": 58.0,
    "BPAC11SA": 65.92308,
    "PETR4SA": 54.11667,
    "TEND3SA": 42.54167,
    "CPLE3SA": 17.90929,
    "WEGE3SA": 52.46,
    "GGBR4SA": 25.8,
    "KLBN4SA": 24.75248,
    "B3SA3SA": 20.03571,
    "VALE3SA": 91.90884,
    "EQTL3SA": 50.66857,
    "ENEV3SA": 29.35455,
    "ISAE4SA": 30.07357,
    "CMIG3SA": 30.566582390117123,
    "CURY3SA": 46.04167,
    "OPCT3SA": 12.0,
    "SLCE3SA": 19.50909,
    "UGPA3SA": 32.175,
    "AMBP3SA": 1.7599999606609344,
    "VULC3SA": 23.0,
    "PRNR3SA": 26.7,
    "CXSE3SA": 19.41429,
    "FRAS3SA": 26.92222,
    "SEER3SA": 16.51143,
    "SMTO3SA": 21.18,
    "MDNE3SA": 42.5,
    "RENT3SA": 59.06,
    "PSSA3SA": 55.81818,
    "RANI3SA": 12.25,
    "ENGI11SA": 64.16385,
    "VBBR3SA": 36.43125,
    "MILS3SA": 17.1,
    "ABCB4SA": 28.11111,
    "BBSE3SA": 36.91667,
    "POSI3SA": 6.06667,
    "FESA4SA": 9.791606374971028,
    "ALPA4SA": 14.1875,
    "CMIG4SA": 12.53615,
    "BRSR6SA": 15.1,
    "RADL3SA": 26.85333,
    "AGRO3SA": 23.83333,
    "ITSA4SA": 16.98571,
    "TTEN3SA": 21.68182,
    "PNVL3SA": 18.6,
    "TFCO4SA": 19.5,
    "SAPR11SA": 43.61182,
    "LREN3SA": 19.21333,
    "MGLU3SA": 8.75385,
    "ITUB4SA": 48.38462,
    "BBAS3SA": 26.09231,
    "LWSA3SA": 5.88182,
    "ALUP11SA": 40.82727,
    "MOVI3SA": 14.70769,
    "FLRY3SA": 17.25455,
    "FIQE3SA": 6.76667,
    "TOTS3SA": 51.46154,
    "TRIS3SA": 8.5,
    "KLBN11SA": 22.77125,
    "SUZB3SA": 66.01765,
    "TIMS3SA": 27.1,
    "CPFE3SA": 50.7925,
    "MULT3SA": 37.53846,
    "SANB11SA": 36.28462,
    "BBDC4SA": 22.53846,
    "DXCO3SA": 7.555,
    "CASH3SA": 6.65,
    "SBFG3SA": 17.38889,
    "ANIM3SA": 6.61818,
    "TUPY3SA": 17.5,
    "IGTI11SA": 33.30833,
    "EGIE3SA": 34.23857,
    "CEAB3SA": 19.11667,
    "BMOB3SA": 30.45,
    "IRBR3SA": 60.42857,
    "DIRR3SA": 19.75,
    "VIVT3SA": 40.44286,
    "RECV3SA": 13.8,
    "RAIL3SA": 19.26667,
    "EZTC3SA": 18.23636,
    "MOTV3SA": 18.35417,
    "CYRE3SA": 36.67692,
    "ALOS3SA": 34.65385,
    "JSLG3SA": 12.0875,
    "DASA3SA": 4.15556,
    "RAPT4SA": 8.0,
    "MYPK3SA": 13.5,
    "LAVV3SA": 22.2,
    "EVEN3SA": 8.77143,
    "PLPL3SA": 20.55556,
    "INTB3SA": 16.97,
    "HYPE3SA": 29.53846,
    "YDUQ3SA": 16.73077,
    "MRVE3SA": 10.06154,
    "VIVA3SA": 33.92857,
    "KEPL3SA": 7.55,
    "ECOR3SA": 13.16154,
    "SIMH3SA": 15.83333,
    "ASAI3SA": 11.43846,
    "CAML3SA": 7.72143,
    "BEEF3SA": 6.48846,
    "AZZA3SA": 30.26923,
    "VAMO3SA": 5.33846,
    "COGN3SA": 4.43077,
    "MDIA3SA": 26.09091,
    "SBSP3SA": 34.01133,
    "MTRE3SA": 4.8,
    "HAPV3SA": 13.96154,
    "ONCO3SA": 2.48333,
    "SMFT3SA": 30.76923,
    "BLAU3SA": 12.55,
    "HBSA3SA": 4.45714,
    "MATD3SA": 7.125,
    "CSAN3SA": 7.17778,
    "GMAT3SA": 6.9,
    "AALR3SA": 5.217731047848737,
    "CMIN3SA": 5.26667,
    "PGMN3SA": 8.41667,
    "CSED3SA": 8.5,
    "MELK3SA": 4.6,
    "AURE3SA": 14.25538,
    "RDOR3SA": 48.74615,
    "VITT3SA": 5.05,
    "LJQQ3SA": 3.93333,
    "SOJA3SA": 10.14286,
    "JALL3SA": 4.72857,
    "VVEO3SA": 1.425,
    "JBSS32SA": 106.9125,
    "GFSA3SA": 1.8694953173090203
  },
  "symbols": {
    "PRIO3SA": "PRIO3.SA",
    "AURA33SA": "AURA33.SA",
    "ORVR3SA": "ORVR3.SA",
    "PETR3SA": "PETR3.SA",
    "BPAC11SA": "BPAC11.SA",
    "PETR4SA": "PETR4.SA",
    "TEND3SA": "TEND3.SA",
    "CPLE3SA": "CPLE3.SA",
    "WEGE3SA": "WEGE3.SA",
    "GGBR4SA": "GGBR4.SA",
    "KLBN4SA": "KLBN4.SA",
    "B3SA3SA": "B3SA3.SA",
    "VALE3SA": "VALE3.SA",
    "EQTL3SA": "EQTL3.SA",
    "ENEV3SA": "ENEV3.SA",
    "ISAE4SA": "ISAE4.SA",
    "CMIG3SA": "CMIG3.SA",
    "CURY3SA": "CURY3.SA",
    "OPCT3SA": "OPCT3.SA",
    "SLCE3SA": "SLCE3.SA",
    "UGPA3SA": "UGPA3.SA",
    "AMBP3SA": "AMBP3.SA",
    "VULC3SA": "VULC3.SA",
    "PRNR3SA": "PRNR3.SA",
    "CXSE3SA": "CXSE3.SA",
    "FRAS3SA": "FRAS3.SA",
    "SEER3SA": "SEER3.SA",
    "SMTO3SA": "SMTO3.SA",
    "MDNE3SA": "MDNE3.SA",
    "RENT3SA": "RENT3.SA",
    "PSSA3SA": "PSSA3.SA",
    "RANI3SA": "RANI3.SA",
    "ENGI11SA": "ENGI11.SA",
    "VBBR3SA": "VBBR3.SA",
    "MILS3SA": "MILS3.SA",
    "ABCB4SA": "ABCB4.SA",
    "BBSE3SA": "BBSE3.SA",
    "POSI3SA": "POSI3.SA",
    "FESA4SA": "FESA4.SA",
    "ALPA4SA": "ALPA4.SA",
    "CMIG4SA": "CMIG4.SA",
    "BRSR6SA": "BRSR6.SA",
    "RADL3SA": "RADL3.SA",
    "AGRO3SA": "AGRO3.SA",
    "ITSA4SA": "ITSA4.SA",
    "TTEN3SA": "TTEN3.SA",
    "PNVL3SA": "PNVL3.SA",
    "TFCO4SA": "TFCO4.SA",
    "SAPR11SA": "SAPR11.SA",
    "LREN3SA": "LREN3.SA",
    "MGLU3SA": "MGLU3.SA",
    "ITUB4SA": "ITUB4.SA",
    "BBAS3SA": "BBAS3.SA",
    "LWSA3SA": "LWSA3.SA",
    "ALUP11SA": "ALUP11.SA",
    "MOVI3SA": "MOVI3.SA",
    "FLRY3SA": "FLRY3.SA",
    "FIQE3SA": "FIQE3.SA",
    "TOTS3SA": "TOTS3.SA",
    "TRIS3SA": "TRIS3.SA",
    "KLBN11SA": "KLBN11.SA",
    "SUZB3SA": "SUZB3.SA",
    "TIMS3SA": "TIMS3.SA",
    "CPFE3SA": "CPFE3.SA",
    "MULT3SA": "MULT3.SA",
    "SANB11SA": "SANB11.SA",
    "BBDC4SA": "BBDC4.SA",
    "DXCO3SA": "DXCO3.SA",
    "CASH3SA": "CASH3.SA",
    "SBFG3SA": "SBFG3.SA",
    "ANIM3SA": "ANIM3.SA",
    "TUPY3SA": "TUPY3.SA",
    "IGTI11SA": "IGTI11.SA",
    "EGIE3SA": "EGIE3.SA",
    "CEAB3SA": "CEAB3.SA",
    "BMOB3SA": "BMOB3.SA",
    "IRBR3SA": "IRBR3.SA",
    "DIRR3SA": "DIRR3.SA",
    "VIVT3SA": "VIVT3.SA",
    "RECV3SA": "RECV3.SA",
    "RAIL3SA": "RAIL3.SA",
    "EZTC3SA": "EZTC3.SA",
    "MOTV3SA": "MOTV3.SA",
    "CYRE3SA": "CYRE3.SA",
    "ALOS3SA": "ALOS3.SA",
    "JSLG3SA": "JSLG3.SA",
    "DASA3SA": "DASA3.SA",
    "RAPT4SA": "RAPT4.SA",
    "MYPK3SA": "MYPK3.SA",
    "LAVV3SA": "LAVV3.SA",
    "EVEN3SA": "EVEN3.SA",
    "PLPL3SA": "PLPL3.SA",
    "INTB3SA": "INTB3.SA",
    "HYPE3SA": "HYPE3.SA",
    "YDUQ3SA": "YDUQ3.SA",
    "MRVE3SA": "MRVE3.SA",
    "VIVA3SA": "VIVA3.SA",
    "KEPL3SA": "KEPL3.SA",
    "ECOR3SA": "ECOR3.SA",
    "SIMH3SA": "SIMH3.SA",
    "ASAI3SA": "ASAI3.SA",
    "CAML3SA": "CAML3.SA",
    "BEEF3SA": "BEEF3.SA",
    "AZZA3SA": "AZZA3.SA",
    "VAMO3SA": "VAMO3.SA",
    "COGN3SA": "COGN3.SA",
    "MDIA3SA": "MDIA3.SA",
    "SBSP3SA": "SBSP3.SA",
    "MTRE3SA": "MTRE3.SA",
    "HAPV3SA": "HAPV3.SA",
    "ONCO3SA": "ONCO3.SA",
    "SMFT3SA": "SMFT3.SA",
    "BLAU3SA": "BLAU3.SA",
    "HBSA3SA": "HBSA3.SA",
    "MATD3SA": "MATD3.SA",
    "CSAN3SA": "CSAN3.SA",
    "GMAT3SA": "GMAT3.SA",
    "AALR3SA": "AALR3.SA",
    "CMIN3SA": "CMIN3.SA",
    "PGMN3SA": "PGMN3.SA",
    "CSED3SA": "CSED3.SA",
    "MELK3SA": "MELK3.SA",
    "AURE3SA": "AURE3.SA",
    "RDOR3SA": "RDOR3.SA",
    "VITT3SA": "VITT3.SA",
    "LJQQ3SA": "LJQQ3.SA",
    "SOJA3SA": "SOJA3.SA",
    "JALL3SA": "JALL3.SA",
    "VVEO3SA": "VVEO3.SA",
    "JBSS32SA": "JBSS32.SA",
    "GFSA3SA": "GFSA3.SA"
  },
  "generated_at": "2026-06-09T02:20:35.215192+00:00"
}