{
  "targets": {
    "AURA33SA": 138.64793,
    "PRIO3SA": 67.08214,
    "ORVR3SA": 92.96,
    "PETR3SA": 52.36667,
    "BPAC11SA": 66.04615,
    "AXIA6SA": 74.872,
    "PETR4SA": 51.7,
    "B3SA3SA": 19.67857,
    "CSMG3SA": 54.63692,
    "TEND3SA": 41.54167,
    "DASA3SA": 4.26667,
    "ENEV3SA": 29.26364,
    "UGPA3SA": 31.88125,
    "SLCE3SA": 19.66364,
    "EQTL3SA": 49.91143,
    "VBBR3SA": 36.10625,
    "CPLE3SA": 17.90929,
    "VALE3SA": 87.89752,
    "KLBN4SA": 24.75248,
    "RENT3SA": 58.86,
    "WEGE3SA": 53.40714,
    "MOVI3SA": 14.70769,
    "CURY3SA": 45.79167,
    "GGBR4SA": 25.6,
    "AMBP3SA": 2.200000032782554,
    "POSI3SA": 6.06667,
    "BRKM5SA": 11.08182,
    "PNVL3SA": 18.8,
    "CMIG3SA": 32.84735568962882,
    "MDNE3SA": 42.5,
    "RADL3SA": 28.12,
    "ENGI11SA": 64.26083,
    "PRNR3SA": 26.7,
    "OPCT3SA": 11.33333,
    "MOTV3SA": 18.96667,
    "FRAS3SA": 27.14444,
    "SEER3SA": 16.61429,
    "CXSE3SA": 19.44286,
    "LOGG3SA": 29.01111,
    "MGLU3SA": 9.24615,
    "VULC3SA": 23.0,
    "JSLG3SA": 12.0875,
    "PSSA3SA": 55.09091,
    "ABCB4SA": 27.88889,
    "TTEN3SA": 21.69,
    "FESA4SA": 11.068591436010076,
    "CPFE3SA": 50.12583,
    "ITSA4SA": 16.95714,
    "BRSR6SA": 15.1,
    "SMTO3SA": 21.03333,
    "CMIG4SA": 12.6475,
    "FLRY3SA": 17.5,
    "LWSA3SA": 6.04545,
    "RANI3SA": 12.25,
    "DXCO3SA": 7.28279,
    "BBSE3SA": 37.0,
    "ALPA4SA": 14.75,
    "IGTI11SA": 33.725,
    "MULT3SA": 37.84615,
    "BBAS3SA": 26.70769,
    "ALUP11SA": 40.82727,
    "TRIS3SA": 8.5,
    "ANIM3SA": 6.61818,
    "SIMH3SA": 16.4375,
    "ITUB4SA": 48.76923,
    "AGRO3SA": 23.83333,
    "ALOS3SA": 35.19231,
    "TFCO4SA": 19.66667,
    "BMOB3SA": 30.45,
    "ECOR3SA": 13.20769,
    "BBDC4SA": 22.69231,
    "SANB11SA": 36.59231,
    "RAIL3SA": 19.66667,
    "MILS3SA": 16.8,
    "VIVT3SA": 41.29286,
    "SBFG3SA": 17.38889,
    "INTB3SA": 16.55,
    "TUPY3SA": 17.44444,
    "TIMS3SA": 27.70714,
    "PGMN3SA": 8.58333,
    "LREN3SA": 19.31333,
    "CASH3SA": 7.15,
    "PLPL3SA": 21.33333,
    "TOTS3SA": 52.33333,
    "SUZB3SA": 67.01765,
    "MRVE3SA": 10.52308,
    "EGIE3SA": 34.11786,
    "CYRE3SA": 37.90769,
    "KLBN11SA": 23.052,
    "VAMO3SA": 5.38462,
    "LAVV3SA": 22.2,
    "DIRR3SA": 19.91667,
    "RAPT4SA": 8.125,
    "IRBR3SA": 60.71429,
    "EZTC3SA": 18.23636,
    "CEAB3SA": 19.26667,
    "VIVA3SA": 35.64286,
    "JBSS32SA": 108.1875,
    "RECV3SA": 14.16923,
    "EVEN3SA": 8.77143,
    "HYPE3SA": 29.38462,
    "KEPL3SA": 9.25,
    "CAML3SA": 7.72143,
    "MYPK3SA": 13.5,
    "YDUQ3SA": 17.07692,
    "MATD3SA": 7.0375,
    "ASAI3SA": 11.57857,
    "CSAN3SA": 7.47778,
    "AZZA3SA": 32.26923,
    "AURE3SA": 14.24769,
    "CSED3SA": 8.5,
    "COGN3SA": 4.42727,
    "HBSA3SA": 4.54286,
    "BEEF3SA": 6.95,
    "SMFT3SA": 30.0,
    "MTRE3SA": 4.8,
    "MDIA3SA": 26.09091,
    "SBSP3SA": 32.62446,
    "BLAU3SA": 12.654,
    "CMIN3SA": 5.35,
    "RDOR3SA": 51.20833,
    "JALL3SA": 4.8,
    "ONCO3SA": 2.48333,
    "AALR3SA": 6.289014529791964,
    "LJQQ3SA": 3.93333,
    "GMAT3SA": 7.175,
    "MELK3SA": 4.6,
    "VITT3SA": 5.81818,
    "HAPV3SA": 14.34615,
    "SOJA3SA": 10.14286,
    "VVEO3SA": 1.425,
    "GFSA3SA": 2.05789551590352
  },
  "symbols": {
    "AURA33SA": "AURA33.SA",
    "PRIO3SA": "PRIO3.SA",
    "ORVR3SA": "ORVR3.SA",
    "PETR3SA": "PETR3.SA",
    "BPAC11SA": "BPAC11.SA",
    "AXIA6SA": "AXIA6.SA",
    "PETR4SA": "PETR4.SA",
    "B3SA3SA": "B3SA3.SA",
    "CSMG3SA": "CSMG3.SA",
    "TEND3SA": "TEND3.SA",
    "DASA3SA": "DASA3.SA",
    "ENEV3SA": "ENEV3.SA",
    "UGPA3SA": "UGPA3.SA",
    "SLCE3SA": "SLCE3.SA",
    "EQTL3SA": "EQTL3.SA",
    "VBBR3SA": "VBBR3.SA",
    "CPLE3SA": "CPLE3.SA",
    "VALE3SA": "VALE3.SA",
    "KLBN4SA": "KLBN4.SA",
    "RENT3SA": "RENT3.SA",
    "WEGE3SA": "WEGE3.SA",
    "MOVI3SA": "MOVI3.SA",
    "CURY3SA": "CURY3.SA",
    "GGBR4SA": "GGBR4.SA",
    "AMBP3SA": "AMBP3.SA",
    "POSI3SA": "POSI3.SA",
    "BRKM5SA": "BRKM5.SA",
    "PNVL3SA": "PNVL3.SA",
    "CMIG3SA": "CMIG3.SA",
    "MDNE3SA": "MDNE3.SA",
    "RADL3SA": "RADL3.SA",
    "ENGI11SA": "ENGI11.SA",
    "PRNR3SA": "PRNR3.SA",
    "OPCT3SA": "OPCT3.SA",
    "MOTV3SA": "MOTV3.SA",
    "FRAS3SA": "FRAS3.SA",
    "SEER3SA": "SEER3.SA",
    "CXSE3SA": "CXSE3.SA",
    "LOGG3SA": "LOGG3.SA",
    "MGLU3SA": "MGLU3.SA",
    "VULC3SA": "VULC3.SA",
    "JSLG3SA": "JSLG3.SA",
    "PSSA3SA": "PSSA3.SA",
    "ABCB4SA": "ABCB4.SA",
    "TTEN3SA": "TTEN3.SA",
    "FESA4SA": "FESA4.SA",
    "CPFE3SA": "CPFE3.SA",
    "ITSA4SA": "ITSA4.SA",
    "BRSR6SA": "BRSR6.SA",
    "SMTO3SA": "SMTO3.SA",
    "CMIG4SA": "CMIG4.SA",
    "FLRY3SA": "FLRY3.SA",
    "LWSA3SA": "LWSA3.SA",
    "RANI3SA": "RANI3.SA",
    "DXCO3SA": "DXCO3.SA",
    "BBSE3SA": "BBSE3.SA",
    "ALPA4SA": "ALPA4.SA",
    "IGTI11SA": "IGTI11.SA",
    "MULT3SA": "MULT3.SA",
    "BBAS3SA": "BBAS3.SA",
    "ALUP11SA": "ALUP11.SA",
    "TRIS3SA": "TRIS3.SA",
    "ANIM3SA": "ANIM3.SA",
    "SIMH3SA": "SIMH3.SA",
    "ITUB4SA": "ITUB4.SA",
    "AGRO3SA": "AGRO3.SA",
    "ALOS3SA": "ALOS3.SA",
    "TFCO4SA": "TFCO4.SA",
    "BMOB3SA": "BMOB3.SA",
    "ECOR3SA": "ECOR3.SA",
    "BBDC4SA": "BBDC4.SA",
    "SANB11SA": "SANB11.SA",
    "RAIL3SA": "RAIL3.SA",
    "MILS3SA": "MILS3.SA",
    "VIVT3SA": "VIVT3.SA",
    "SBFG3SA": "SBFG3.SA",
    "INTB3SA": "INTB3.SA",
    "TUPY3SA": "TUPY3.SA",
    "TIMS3SA": "TIMS3.SA",
    "PGMN3SA": "PGMN3.SA",
    "LREN3SA": "LREN3.SA",
    "CASH3SA": "CASH3.SA",
    "PLPL3SA": "PLPL3.SA",
    "TOTS3SA": "TOTS3.SA",
    "SUZB3SA": "SUZB3.SA",
    "MRVE3SA": "MRVE3.SA",
    "EGIE3SA": "EGIE3.SA",
    "CYRE3SA": "CYRE3.SA",
    "KLBN11SA": "KLBN11.SA",
    "VAMO3SA": "VAMO3.SA",
    "LAVV3SA": "LAVV3.SA",
    "DIRR3SA": "DIRR3.SA",
    "RAPT4SA": "RAPT4.SA",
    "IRBR3SA": "IRBR3.SA",
    "EZTC3SA": "EZTC3.SA",
    "CEAB3SA": "CEAB3.SA",
    "VIVA3SA": "VIVA3.SA",
    "JBSS32SA": "JBSS32.SA",
    "RECV3SA": "RECV3.SA",
    "EVEN3SA": "EVEN3.SA",
    "HYPE3SA": "HYPE3.SA",
    "KEPL3SA": "KEPL3.SA",
    "CAML3SA": "CAML3.SA",
    "MYPK3SA": "MYPK3.SA",
    "YDUQ3SA": "YDUQ3.SA",
    "MATD3SA": "MATD3.SA",
    "ASAI3SA": "ASAI3.SA",
    "CSAN3SA": "CSAN3.SA",
    "AZZA3SA": "AZZA3.SA",
    "AURE3SA": "AURE3.SA",
    "CSED3SA": "CSED3.SA",
    "COGN3SA": "COGN3.SA",
    "HBSA3SA": "HBSA3.SA",
    "BEEF3SA": "BEEF3.SA",
    "SMFT3SA": "SMFT3.SA",
    "MTRE3SA": "MTRE3.SA",
    "MDIA3SA": "MDIA3.SA",
    "SBSP3SA": "SBSP3.SA",
    "BLAU3SA": "BLAU3.SA",
    "CMIN3SA": "CMIN3.SA",
    "RDOR3SA": "RDOR3.SA",
    "JALL3SA": "JALL3.SA",
    "ONCO3SA": "ONCO3.SA",
    "AALR3SA": "AALR3.SA",
    "LJQQ3SA": "LJQQ3.SA",
    "GMAT3SA": "GMAT3.SA",
    "MELK3SA": "MELK3.SA",
    "VITT3SA": "VITT3.SA",
    "HAPV3SA": "HAPV3.SA",
    "SOJA3SA": "SOJA3.SA",
    "VVEO3SA": "VVEO3.SA",
    "GFSA3SA": "GFSA3.SA"
  },
  "generated_at": "2026-05-11T23:53:25.527691+00:00"
}