{
  "targets": {
    "AURA33SA": 145.89557,
    "PRIO3SA": 67.225,
    "DASA3SA": 4.41111,
    "AXIA6SA": 75.64667,
    "PETR3SA": 52.36667,
    "ORVR3SA": 89.84889,
    "BPAC11SA": 66.04615,
    "PETR4SA": 51.7,
    "MOVI3SA": 14.77739,
    "B3SA3SA": 19.96429,
    "ENEV3SA": 28.29091,
    "CPLE3SA": 17.045,
    "TEND3SA": 41.625,
    "VALE3SA": 90.176926,
    "WEGE3SA": 54.68571,
    "UGPA3SA": 31.25625,
    "VBBR3SA": 35.10625,
    "EQTL3SA": 48.31857,
    "RENT3SA": 58.72,
    "KLBN4SA": 24.75248,
    "MOTV3SA": 18.96667,
    "SLCE3SA": 19.66364,
    "PRNR3SA": 26.7,
    "MDNE3SA": 42.5,
    "RADL3SA": 28.12,
    "MGLU3SA": 9.19853,
    "FESA4SA": 11.424493396630725,
    "CURY3SA": 46.375,
    "CMIG3SA": 32.2712492796174,
    "PNVL3SA": 18.8,
    "ENGI11SA": 62.8975,
    "GGBR4SA": 25.13333,
    "ANIM3SA": 6.61818,
    "AMBP3SA": 2.419999986886978,
    "CXSE3SA": 19.31429,
    "BRKM5SA": 11.08182,
    "POSI3SA": 6.06667,
    "JSLG3SA": 12.2125,
    "SIMH3SA": 15.72222,
    "LOGG3SA": 29.01111,
    "OPCT3SA": 10.66667,
    "ABCB4SA": 27.88889,
    "ITSA4SA": 16.46078,
    "SEER3SA": 16.11429,
    "VULC3SA": 23.0,
    "NEOE3SA": 34.82889,
    "FRAS3SA": 27.14444,
    "RANI3SA": 12.25,
    "PSSA3SA": 55.0,
    "ITUB4SA": 47.84615,
    "BBAS3SA": 26.70769,
    "TRIS3SA": 8.5,
    "BMOB3SA": 30.45,
    "IGTI11SA": 33.55833,
    "SAPR11SA": 41.41182,
    "ALPA4SA": 14.5,
    "PGMN3SA": 8.07143,
    "TTEN3SA": 21.4,
    "MULT3SA": 37.46154,
    "ALOS3SA": 35.03846,
    "BBSE3SA": 36.91667,
    "ALUP11SA": 40.26364,
    "LWSA3SA": 6.04545,
    "SANB11SA": 36.59231,
    "JBSS32SA": 108.575,
    "TIMS3SA": 27.81429,
    "BBDC4SA": 22.46154,
    "VAMO3SA": 5.38462,
    "LAVV3SA": 22.2,
    "MRVE3SA": 10.64615,
    "FLRY3SA": 17.45455,
    "KEPL3SA": 9.25,
    "MILS3SA": 16.8,
    "ECOR3SA": 13.16923,
    "VIVT3SA": 41.29286,
    "EZTC3SA": 18.41818,
    "SBFG3SA": 17.38889,
    "DXCO3SA": 7.26097,
    "ODPV3SA": 14.9,
    "TFCO4SA": 19.66667,
    "SMTO3SA": 21.03333,
    "AGRO3SA": 23.83333,
    "SUZB3SA": 68.15294,
    "KLBN11SA": 23.052,
    "CYRE3SA": 38.13846,
    "LREN3SA": 19.31333,
    "RAIL3SA": 19.6,
    "PLPL3SA": 22.33333,
    "EVEN3SA": 9.05714,
    "IRBR3SA": 60.28571,
    "DIRR3SA": 20.1,
    "INTB3SA": 16.35,
    "TUPY3SA": 17.22222,
    "RECV3SA": 14.20769,
    "VIVA3SA": 35.85714,
    "RAPT4SA": 8.125,
    "TOTS3SA": 50.44615,
    "CASH3SA": 6.9,
    "CAML3SA": 7.65,
    "HYPE3SA": 29.26923,
    "ABEV3SA": 15.37222,
    "MATD3SA": 7.0375,
    "CEAB3SA": 19.89167,
    "YDUQ3SA": 17.65385,
    "COGN3SA": 4.48112,
    "MYPK3SA": 13.5,
    "ASAI3SA": 11.61429,
    "AZZA3SA": 33.38462,
    "CSED3SA": 8.6,
    "CSAN3SA": 7.47778,
    "MTRE3SA": 4.8,
    "MDIA3SA": 26.5,
    "ONCO3SA": 2.65714,
    "BEEF3SA": 7.39615,
    "RDOR3SA": 51.45833,
    "BLAU3SA": 12.654,
    "LJQQ3SA": 3.93333,
    "HBSA3SA": 4.54286,
    "JALL3SA": 4.8,
    "MELK3SA": 4.6,
    "CMIN3SA": 5.35,
    "SMFT3SA": 30.46154,
    "GMAT3SA": 7.175,
    "AALR3SA": 5.544600836068511,
    "VITT3SA": 5.5,
    "SOJA3SA": 10.5,
    "HAPV3SA": 14.73077,
    "GFSA3SA": 2.1090330266994877
  },
  "symbols": {
    "AURA33SA": "AURA33.SA",
    "PRIO3SA": "PRIO3.SA",
    "DASA3SA": "DASA3.SA",
    "AXIA6SA": "AXIA6.SA",
    "PETR3SA": "PETR3.SA",
    "ORVR3SA": "ORVR3.SA",
    "BPAC11SA": "BPAC11.SA",
    "PETR4SA": "PETR4.SA",
    "MOVI3SA": "MOVI3.SA",
    "B3SA3SA": "B3SA3.SA",
    "ENEV3SA": "ENEV3.SA",
    "CPLE3SA": "CPLE3.SA",
    "TEND3SA": "TEND3.SA",
    "VALE3SA": "VALE3.SA",
    "WEGE3SA": "WEGE3.SA",
    "UGPA3SA": "UGPA3.SA",
    "VBBR3SA": "VBBR3.SA",
    "EQTL3SA": "EQTL3.SA",
    "RENT3SA": "RENT3.SA",
    "KLBN4SA": "KLBN4.SA",
    "MOTV3SA": "MOTV3.SA",
    "SLCE3SA": "SLCE3.SA",
    "PRNR3SA": "PRNR3.SA",
    "MDNE3SA": "MDNE3.SA",
    "RADL3SA": "RADL3.SA",
    "MGLU3SA": "MGLU3.SA",
    "FESA4SA": "FESA4.SA",
    "CURY3SA": "CURY3.SA",
    "CMIG3SA": "CMIG3.SA",
    "PNVL3SA": "PNVL3.SA",
    "ENGI11SA": "ENGI11.SA",
    "GGBR4SA": "GGBR4.SA",
    "ANIM3SA": "ANIM3.SA",
    "AMBP3SA": "AMBP3.SA",
    "CXSE3SA": "CXSE3.SA",
    "BRKM5SA": "BRKM5.SA",
    "POSI3SA": "POSI3.SA",
    "JSLG3SA": "JSLG3.SA",
    "SIMH3SA": "SIMH3.SA",
    "LOGG3SA": "LOGG3.SA",
    "OPCT3SA": "OPCT3.SA",
    "ABCB4SA": "ABCB4.SA",
    "ITSA4SA": "ITSA4.SA",
    "SEER3SA": "SEER3.SA",
    "VULC3SA": "VULC3.SA",
    "NEOE3SA": "NEOE3.SA",
    "FRAS3SA": "FRAS3.SA",
    "RANI3SA": "RANI3.SA",
    "PSSA3SA": "PSSA3.SA",
    "ITUB4SA": "ITUB4.SA",
    "BBAS3SA": "BBAS3.SA",
    "TRIS3SA": "TRIS3.SA",
    "BMOB3SA": "BMOB3.SA",
    "IGTI11SA": "IGTI11.SA",
    "SAPR11SA": "SAPR11.SA",
    "ALPA4SA": "ALPA4.SA",
    "PGMN3SA": "PGMN3.SA",
    "TTEN3SA": "TTEN3.SA",
    "MULT3SA": "MULT3.SA",
    "ALOS3SA": "ALOS3.SA",
    "BBSE3SA": "BBSE3.SA",
    "ALUP11SA": "ALUP11.SA",
    "LWSA3SA": "LWSA3.SA",
    "SANB11SA": "SANB11.SA",
    "JBSS32SA": "JBSS32.SA",
    "TIMS3SA": "TIMS3.SA",
    "BBDC4SA": "BBDC4.SA",
    "VAMO3SA": "VAMO3.SA",
    "LAVV3SA": "LAVV3.SA",
    "MRVE3SA": "MRVE3.SA",
    "FLRY3SA": "FLRY3.SA",
    "KEPL3SA": "KEPL3.SA",
    "MILS3SA": "MILS3.SA",
    "ECOR3SA": "ECOR3.SA",
    "VIVT3SA": "VIVT3.SA",
    "EZTC3SA": "EZTC3.SA",
    "SBFG3SA": "SBFG3.SA",
    "DXCO3SA": "DXCO3.SA",
    "ODPV3SA": "ODPV3.SA",
    "TFCO4SA": "TFCO4.SA",
    "SMTO3SA": "SMTO3.SA",
    "AGRO3SA": "AGRO3.SA",
    "SUZB3SA": "SUZB3.SA",
    "KLBN11SA": "KLBN11.SA",
    "CYRE3SA": "CYRE3.SA",
    "LREN3SA": "LREN3.SA",
    "RAIL3SA": "RAIL3.SA",
    "PLPL3SA": "PLPL3.SA",
    "EVEN3SA": "EVEN3.SA",
    "IRBR3SA": "IRBR3.SA",
    "DIRR3SA": "DIRR3.SA",
    "INTB3SA": "INTB3.SA",
    "TUPY3SA": "TUPY3.SA",
    "RECV3SA": "RECV3.SA",
    "VIVA3SA": "VIVA3.SA",
    "RAPT4SA": "RAPT4.SA",
    "TOTS3SA": "TOTS3.SA",
    "CASH3SA": "CASH3.SA",
    "CAML3SA": "CAML3.SA",
    "HYPE3SA": "HYPE3.SA",
    "ABEV3SA": "ABEV3.SA",
    "MATD3SA": "MATD3.SA",
    "CEAB3SA": "CEAB3.SA",
    "YDUQ3SA": "YDUQ3.SA",
    "COGN3SA": "COGN3.SA",
    "MYPK3SA": "MYPK3.SA",
    "ASAI3SA": "ASAI3.SA",
    "AZZA3SA": "AZZA3.SA",
    "CSED3SA": "CSED3.SA",
    "CSAN3SA": "CSAN3.SA",
    "MTRE3SA": "MTRE3.SA",
    "MDIA3SA": "MDIA3.SA",
    "ONCO3SA": "ONCO3.SA",
    "BEEF3SA": "BEEF3.SA",
    "RDOR3SA": "RDOR3.SA",
    "BLAU3SA": "BLAU3.SA",
    "LJQQ3SA": "LJQQ3.SA",
    "HBSA3SA": "HBSA3.SA",
    "JALL3SA": "JALL3.SA",
    "MELK3SA": "MELK3.SA",
    "CMIN3SA": "CMIN3.SA",
    "SMFT3SA": "SMFT3.SA",
    "GMAT3SA": "GMAT3.SA",
    "AALR3SA": "AALR3.SA",
    "VITT3SA": "VITT3.SA",
    "SOJA3SA": "SOJA3.SA",
    "HAPV3SA": "HAPV3.SA",
    "GFSA3SA": "GFSA3.SA"
  },
  "generated_at": "2026-04-30T01:31:13.834201+00:00"
}