{
  "targets": {
    "AURA33SA": 138.15434,
    "BPAC11SA": 65.04615,
    "AXIA6SA": 70.512,
    "ORVR3SA": 84.90444,
    "AMBP3SA": 2.530000045895576,
    "KLBN4SA": 24.75248,
    "WEGE3SA": 54.25714,
    "PETR3SA": 48.32857,
    "CURY3SA": 46.375,
    "MOTV3SA": 18.88333,
    "B3SA3SA": 18.89286,
    "JBSS32SA": 109.02857,
    "DASA3SA": 4.41111,
    "CPLE3SA": 16.38643,
    "TEND3SA": 41.625,
    "SBSP3SA": 157.5831,
    "VULC3SA": 23.33333,
    "EQTL3SA": 47.31857,
    "RADL3SA": 28.08667,
    "VALE3SA": 87.47398,
    "SLCE3SA": 19.43636,
    "ENEV3SA": 27.72727,
    "CMIG3SA": 32.831656974588924,
    "RENT3SA": 58.48667,
    "MGLU3SA": 9.19853,
    "FESA4SA": 10.333965353762576,
    "MDNE3SA": 42.5,
    "ENGI11SA": 62.69559,
    "MOVI3SA": 14.54662,
    "TRIS3SA": 8.5,
    "RANI3SA": 12.25,
    "FRAS3SA": 27.42222,
    "POSI3SA": 6.06667,
    "CXSE3SA": 19.0,
    "PRNR3SA": 26.7,
    "PNVL3SA": 18.8,
    "GGBR4SA": 24.5,
    "LOGG3SA": 28.9,
    "ABCB4SA": 27.77778,
    "VBBR3SA": 33.00253,
    "ANIM3SA": 6.66364,
    "TTEN3SA": 21.4,
    "BRKM5SA": 11.44545,
    "SAPR11SA": 41.853,
    "OPCT3SA": 10.66667,
    "PSSA3SA": 54.90909,
    "NEOE3SA": 34.40545,
    "PLPL3SA": 22.33333,
    "ITSA4SA": 16.38936,
    "BBAS3SA": 26.93846,
    "SANB11SA": 36.59231,
    "LAVV3SA": 22.2,
    "SBFG3SA": 17.38889,
    "TFCO4SA": 19.83333,
    "JSLG3SA": 12.0875,
    "CYRE3SA": 38.44615,
    "ALPA4SA": 14.5,
    "LWSA3SA": 5.90909,
    "BBSE3SA": 37.58333,
    "ITUB4SA": 47.92308,
    "AGRO3SA": 23.83333,
    "SEER3SA": 15.32857,
    "MILS3SA": 16.8,
    "IGTI11SA": 33.21667,
    "ALUP11SA": 40.24167,
    "SIMH3SA": 15.72222,
    "BMOB3SA": 30.375,
    "TOTS3SA": 51.75385,
    "MRVE3SA": 10.64615,
    "BBDC4SA": 21.84615,
    "VIVA3SA": 36.96429,
    "GUAR3SA": 13.03125,
    "SMTO3SA": 22.47778,
    "CEAB3SA": 20.075,
    "MULT3SA": 36.90769,
    "FLRY3SA": 17.48182,
    "LREN3SA": 19.31333,
    "SUZB3SA": 69.50588,
    "KEPL3SA": 9.25,
    "DIRR3SA": 20.04167,
    "ECOR3SA": 13.13846,
    "PGMN3SA": 7.85714,
    "EZTC3SA": 18.41818,
    "EVEN3SA": 9.05714,
    "RAIL3SA": 19.93333,
    "YDUQ3SA": 18.11538,
    "KLBN11SA": 23.70826,
    "ODPV3SA": 14.23333,
    "ALOS3SA": 34.88462,
    "CASH3SA": 6.9,
    "RAPT4SA": 8.70833,
    "DXCO3SA": 7.16097,
    "HYPE3SA": 29.49887,
    "CAML3SA": 7.51429,
    "CSED3SA": 8.6,
    "IRBR3SA": 60.57143,
    "COGN3SA": 4.6042,
    "AZZA3SA": 34.92308,
    "VAMO3SA": 5.34615,
    "TUPY3SA": 16.83333,
    "MYPK3SA": 13.7,
    "CSAN3SA": 7.47778,
    "BEEF3SA": 7.45385,
    "HBSA3SA": 4.6,
    "INTB3SA": 16.05,
    "MDIA3SA": 27.08182,
    "ASAI3SA": 11.50714,
    "MATD3SA": 7.0375,
    "SMFT3SA": 31.11538,
    "AALR3SA": 6.472785265289983,
    "RDOR3SA": 50.43846,
    "LJQQ3SA": 4.06667,
    "MTRE3SA": 4.8,
    "CMIN3SA": 5.51667,
    "JALL3SA": 4.94286,
    "ONCO3SA": 2.65714,
    "VITT3SA": 6.05,
    "AURE3SA": 13.56692,
    "BLAU3SA": 12.854,
    "GMAT3SA": 7.55,
    "MELK3SA": 4.6,
    "HAPV3SA": 15.5,
    "SOJA3SA": 11.1,
    "VVEO3SA": 1.53571,
    "GFSA3SA": 2.018676298770933
  },
  "symbols": {
    "AURA33SA": "AURA33.SA",
    "BPAC11SA": "BPAC11.SA",
    "AXIA6SA": "AXIA6.SA",
    "ORVR3SA": "ORVR3.SA",
    "AMBP3SA": "AMBP3.SA",
    "KLBN4SA": "KLBN4.SA",
    "WEGE3SA": "WEGE3.SA",
    "PETR3SA": "PETR3.SA",
    "CURY3SA": "CURY3.SA",
    "MOTV3SA": "MOTV3.SA",
    "B3SA3SA": "B3SA3.SA",
    "JBSS32SA": "JBSS32.SA",
    "DASA3SA": "DASA3.SA",
    "CPLE3SA": "CPLE3.SA",
    "TEND3SA": "TEND3.SA",
    "SBSP3SA": "SBSP3.SA",
    "VULC3SA": "VULC3.SA",
    "EQTL3SA": "EQTL3.SA",
    "RADL3SA": "RADL3.SA",
    "VALE3SA": "VALE3.SA",
    "SLCE3SA": "SLCE3.SA",
    "ENEV3SA": "ENEV3.SA",
    "CMIG3SA": "CMIG3.SA",
    "RENT3SA": "RENT3.SA",
    "MGLU3SA": "MGLU3.SA",
    "FESA4SA": "FESA4.SA",
    "MDNE3SA": "MDNE3.SA",
    "ENGI11SA": "ENGI11.SA",
    "MOVI3SA": "MOVI3.SA",
    "TRIS3SA": "TRIS3.SA",
    "RANI3SA": "RANI3.SA",
    "FRAS3SA": "FRAS3.SA",
    "POSI3SA": "POSI3.SA",
    "CXSE3SA": "CXSE3.SA",
    "PRNR3SA": "PRNR3.SA",
    "PNVL3SA": "PNVL3.SA",
    "GGBR4SA": "GGBR4.SA",
    "LOGG3SA": "LOGG3.SA",
    "ABCB4SA": "ABCB4.SA",
    "VBBR3SA": "VBBR3.SA",
    "ANIM3SA": "ANIM3.SA",
    "TTEN3SA": "TTEN3.SA",
    "BRKM5SA": "BRKM5.SA",
    "SAPR11SA": "SAPR11.SA",
    "OPCT3SA": "OPCT3.SA",
    "PSSA3SA": "PSSA3.SA",
    "NEOE3SA": "NEOE3.SA",
    "PLPL3SA": "PLPL3.SA",
    "ITSA4SA": "ITSA4.SA",
    "BBAS3SA": "BBAS3.SA",
    "SANB11SA": "SANB11.SA",
    "LAVV3SA": "LAVV3.SA",
    "SBFG3SA": "SBFG3.SA",
    "TFCO4SA": "TFCO4.SA",
    "JSLG3SA": "JSLG3.SA",
    "CYRE3SA": "CYRE3.SA",
    "ALPA4SA": "ALPA4.SA",
    "LWSA3SA": "LWSA3.SA",
    "BBSE3SA": "BBSE3.SA",
    "ITUB4SA": "ITUB4.SA",
    "AGRO3SA": "AGRO3.SA",
    "SEER3SA": "SEER3.SA",
    "MILS3SA": "MILS3.SA",
    "IGTI11SA": "IGTI11.SA",
    "ALUP11SA": "ALUP11.SA",
    "SIMH3SA": "SIMH3.SA",
    "BMOB3SA": "BMOB3.SA",
    "TOTS3SA": "TOTS3.SA",
    "MRVE3SA": "MRVE3.SA",
    "BBDC4SA": "BBDC4.SA",
    "VIVA3SA": "VIVA3.SA",
    "GUAR3SA": "GUAR3.SA",
    "SMTO3SA": "SMTO3.SA",
    "CEAB3SA": "CEAB3.SA",
    "MULT3SA": "MULT3.SA",
    "FLRY3SA": "FLRY3.SA",
    "LREN3SA": "LREN3.SA",
    "SUZB3SA": "SUZB3.SA",
    "KEPL3SA": "KEPL3.SA",
    "DIRR3SA": "DIRR3.SA",
    "ECOR3SA": "ECOR3.SA",
    "PGMN3SA": "PGMN3.SA",
    "EZTC3SA": "EZTC3.SA",
    "EVEN3SA": "EVEN3.SA",
    "RAIL3SA": "RAIL3.SA",
    "YDUQ3SA": "YDUQ3.SA",
    "KLBN11SA": "KLBN11.SA",
    "ODPV3SA": "ODPV3.SA",
    "ALOS3SA": "ALOS3.SA",
    "CASH3SA": "CASH3.SA",
    "RAPT4SA": "RAPT4.SA",
    "DXCO3SA": "DXCO3.SA",
    "HYPE3SA": "HYPE3.SA",
    "CAML3SA": "CAML3.SA",
    "CSED3SA": "CSED3.SA",
    "IRBR3SA": "IRBR3.SA",
    "COGN3SA": "COGN3.SA",
    "AZZA3SA": "AZZA3.SA",
    "VAMO3SA": "VAMO3.SA",
    "TUPY3SA": "TUPY3.SA",
    "MYPK3SA": "MYPK3.SA",
    "CSAN3SA": "CSAN3.SA",
    "BEEF3SA": "BEEF3.SA",
    "HBSA3SA": "HBSA3.SA",
    "INTB3SA": "INTB3.SA",
    "MDIA3SA": "MDIA3.SA",
    "ASAI3SA": "ASAI3.SA",
    "MATD3SA": "MATD3.SA",
    "SMFT3SA": "SMFT3.SA",
    "AALR3SA": "AALR3.SA",
    "RDOR3SA": "RDOR3.SA",
    "LJQQ3SA": "LJQQ3.SA",
    "MTRE3SA": "MTRE3.SA",
    "CMIN3SA": "CMIN3.SA",
    "JALL3SA": "JALL3.SA",
    "ONCO3SA": "ONCO3.SA",
    "VITT3SA": "VITT3.SA",
    "AURE3SA": "AURE3.SA",
    "BLAU3SA": "BLAU3.SA",
    "GMAT3SA": "GMAT3.SA",
    "MELK3SA": "MELK3.SA",
    "HAPV3SA": "HAPV3.SA",
    "SOJA3SA": "SOJA3.SA",
    "VVEO3SA": "VVEO3.SA",
    "GFSA3SA": "GFSA3.SA"
  },
  "generated_at": "2026-04-09T01:28:24.570674+00:00"
}