{
  "targets": {
    "AURA33SA": 137.08455,
    "PRIO3SA": 64.40357,
    "ORVR3SA": 86.01556,
    "AXIA6SA": 72.012,
    "MOTV3SA": 18.88333,
    "BPAC11SA": 65.04615,
    "DASA3SA": 4.41111,
    "PETR3SA": 50.82857,
    "KLBN4SA": 24.75248,
    "AMBP3SA": 2.530000045895576,
    "PETR4SA": 49.87692,
    "TEND3SA": 41.625,
    "MOVI3SA": 14.54662,
    "CURY3SA": 46.375,
    "WEGE3SA": 54.68571,
    "ENEV3SA": 27.72727,
    "EQTL3SA": 47.31857,
    "RENT3SA": 58.72,
    "JBSS32SA": 109.425,
    "VALE3SA": 89.066025,
    "SLCE3SA": 19.70909,
    "CMIG3SA": 36.73581034850148,
    "RADL3SA": 28.12,
    "MDNE3SA": 42.5,
    "ENGI11SA": 62.69559,
    "FESA4SA": 10.864869543420516,
    "PRNR3SA": 26.7,
    "PNVL3SA": 18.8,
    "VULC3SA": 23.33333,
    "POSI3SA": 6.06667,
    "BRKM5SA": 11.44545,
    "ANIM3SA": 6.66364,
    "LOGG3SA": 28.9,
    "CXSE3SA": 19.0,
    "TRIS3SA": 8.5,
    "ABCB4SA": 27.77778,
    "GGBR4SA": 24.53333,
    "ITSA4SA": 16.46078,
    "FRAS3SA": 27.31111,
    "JSLG3SA": 12.0875,
    "SEER3SA": 15.61429,
    "RANI3SA": 12.25,
    "LAVV3SA": 22.2,
    "PSSA3SA": 54.81818,
    "IGTI11SA": 33.21667,
    "ITUB4SA": 48.30769,
    "OPCT3SA": 10.66667,
    "ALPA4SA": 14.5,
    "SBFG3SA": 17.38889,
    "BBAS3SA": 26.86154,
    "MRVE3SA": 10.64615,
    "NEOE3SA": 34.446,
    "TTEN3SA": 21.4,
    "BMOB3SA": 30.375,
    "SIMH3SA": 15.72222,
    "ECOR3SA": 13.13846,
    "SANB11SA": 36.66923,
    "PGMN3SA": 7.85714,
    "MULT3SA": 37.23077,
    "EZTC3SA": 18.41818,
    "BBDC4SA": 22.0,
    "LWSA3SA": 5.90909,
    "PLPL3SA": 22.33333,
    "TIMS3SA": 27.31429,
    "SAPR11SA": 41.41182,
    "ALOS3SA": 34.88462,
    "MILS3SA": 16.8,
    "DXCO3SA": 7.16097,
    "ALUP11SA": 40.24167,
    "CYRE3SA": 38.13846,
    "TFCO4SA": 19.83333,
    "BBSE3SA": 36.91667,
    "VIVA3SA": 36.14286,
    "FLRY3SA": 17.48182,
    "CAML3SA": 7.51429,
    "VAMO3SA": 5.32308,
    "AGRO3SA": 23.83333,
    "DIRR3SA": 20.1,
    "LREN3SA": 19.31333,
    "KEPL3SA": 9.25,
    "CEAB3SA": 20.075,
    "RAPT4SA": 8.625,
    "SMTO3SA": 20.92222,
    "SUZB3SA": 68.68235,
    "EVEN3SA": 9.05714,
    "KLBN11SA": 23.3645,
    "RAIL3SA": 19.76667,
    "TOTS3SA": 50.44615,
    "YDUQ3SA": 18.11538,
    "RECV3SA": 13.8,
    "TUPY3SA": 17.22222,
    "CASH3SA": 6.9,
    "IRBR3SA": 60.28571,
    "HYPE3SA": 29.40271,
    "CSED3SA": 8.6,
    "COGN3SA": 4.6042,
    "INTB3SA": 16.05,
    "AZZA3SA": 34.38462,
    "MYPK3SA": 13.7,
    "ASAI3SA": 11.50714,
    "CSAN3SA": 7.47778,
    "MATD3SA": 7.0375,
    "HBSA3SA": 4.6,
    "BEEF3SA": 7.45385,
    "MDIA3SA": 27.08182,
    "MTRE3SA": 4.8,
    "LJQQ3SA": 4.06667,
    "BLAU3SA": 12.854,
    "RDOR3SA": 51.58333,
    "SMFT3SA": 30.53846,
    "AALR3SA": 6.799486756560807,
    "CMIN3SA": 5.5,
    "JALL3SA": 4.8,
    "MELK3SA": 4.6,
    "ONCO3SA": 2.65714,
    "GMAT3SA": 7.55,
    "VITT3SA": 5.5,
    "SOJA3SA": 11.1,
    "HAPV3SA": 15.23077,
    "GFSA3SA": 2.3035902362543457
  },
  "symbols": {
    "AURA33SA": "AURA33.SA",
    "PRIO3SA": "PRIO3.SA",
    "ORVR3SA": "ORVR3.SA",
    "AXIA6SA": "AXIA6.SA",
    "MOTV3SA": "MOTV3.SA",
    "BPAC11SA": "BPAC11.SA",
    "DASA3SA": "DASA3.SA",
    "PETR3SA": "PETR3.SA",
    "KLBN4SA": "KLBN4.SA",
    "AMBP3SA": "AMBP3.SA",
    "PETR4SA": "PETR4.SA",
    "TEND3SA": "TEND3.SA",
    "MOVI3SA": "MOVI3.SA",
    "CURY3SA": "CURY3.SA",
    "WEGE3SA": "WEGE3.SA",
    "ENEV3SA": "ENEV3.SA",
    "EQTL3SA": "EQTL3.SA",
    "RENT3SA": "RENT3.SA",
    "JBSS32SA": "JBSS32.SA",
    "VALE3SA": "VALE3.SA",
    "SLCE3SA": "SLCE3.SA",
    "CMIG3SA": "CMIG3.SA",
    "RADL3SA": "RADL3.SA",
    "MDNE3SA": "MDNE3.SA",
    "ENGI11SA": "ENGI11.SA",
    "FESA4SA": "FESA4.SA",
    "PRNR3SA": "PRNR3.SA",
    "PNVL3SA": "PNVL3.SA",
    "VULC3SA": "VULC3.SA",
    "POSI3SA": "POSI3.SA",
    "BRKM5SA": "BRKM5.SA",
    "ANIM3SA": "ANIM3.SA",
    "LOGG3SA": "LOGG3.SA",
    "CXSE3SA": "CXSE3.SA",
    "TRIS3SA": "TRIS3.SA",
    "ABCB4SA": "ABCB4.SA",
    "GGBR4SA": "GGBR4.SA",
    "ITSA4SA": "ITSA4.SA",
    "FRAS3SA": "FRAS3.SA",
    "JSLG3SA": "JSLG3.SA",
    "SEER3SA": "SEER3.SA",
    "RANI3SA": "RANI3.SA",
    "LAVV3SA": "LAVV3.SA",
    "PSSA3SA": "PSSA3.SA",
    "IGTI11SA": "IGTI11.SA",
    "ITUB4SA": "ITUB4.SA",
    "OPCT3SA": "OPCT3.SA",
    "ALPA4SA": "ALPA4.SA",
    "SBFG3SA": "SBFG3.SA",
    "BBAS3SA": "BBAS3.SA",
    "MRVE3SA": "MRVE3.SA",
    "NEOE3SA": "NEOE3.SA",
    "TTEN3SA": "TTEN3.SA",
    "BMOB3SA": "BMOB3.SA",
    "SIMH3SA": "SIMH3.SA",
    "ECOR3SA": "ECOR3.SA",
    "SANB11SA": "SANB11.SA",
    "PGMN3SA": "PGMN3.SA",
    "MULT3SA": "MULT3.SA",
    "EZTC3SA": "EZTC3.SA",
    "BBDC4SA": "BBDC4.SA",
    "LWSA3SA": "LWSA3.SA",
    "PLPL3SA": "PLPL3.SA",
    "TIMS3SA": "TIMS3.SA",
    "SAPR11SA": "SAPR11.SA",
    "ALOS3SA": "ALOS3.SA",
    "MILS3SA": "MILS3.SA",
    "DXCO3SA": "DXCO3.SA",
    "ALUP11SA": "ALUP11.SA",
    "CYRE3SA": "CYRE3.SA",
    "TFCO4SA": "TFCO4.SA",
    "BBSE3SA": "BBSE3.SA",
    "VIVA3SA": "VIVA3.SA",
    "FLRY3SA": "FLRY3.SA",
    "CAML3SA": "CAML3.SA",
    "VAMO3SA": "VAMO3.SA",
    "AGRO3SA": "AGRO3.SA",
    "DIRR3SA": "DIRR3.SA",
    "LREN3SA": "LREN3.SA",
    "KEPL3SA": "KEPL3.SA",
    "CEAB3SA": "CEAB3.SA",
    "RAPT4SA": "RAPT4.SA",
    "SMTO3SA": "SMTO3.SA",
    "SUZB3SA": "SUZB3.SA",
    "EVEN3SA": "EVEN3.SA",
    "KLBN11SA": "KLBN11.SA",
    "RAIL3SA": "RAIL3.SA",
    "TOTS3SA": "TOTS3.SA",
    "YDUQ3SA": "YDUQ3.SA",
    "RECV3SA": "RECV3.SA",
    "TUPY3SA": "TUPY3.SA",
    "CASH3SA": "CASH3.SA",
    "IRBR3SA": "IRBR3.SA",
    "HYPE3SA": "HYPE3.SA",
    "CSED3SA": "CSED3.SA",
    "COGN3SA": "COGN3.SA",
    "INTB3SA": "INTB3.SA",
    "AZZA3SA": "AZZA3.SA",
    "MYPK3SA": "MYPK3.SA",
    "ASAI3SA": "ASAI3.SA",
    "CSAN3SA": "CSAN3.SA",
    "MATD3SA": "MATD3.SA",
    "HBSA3SA": "HBSA3.SA",
    "BEEF3SA": "BEEF3.SA",
    "MDIA3SA": "MDIA3.SA",
    "MTRE3SA": "MTRE3.SA",
    "LJQQ3SA": "LJQQ3.SA",
    "BLAU3SA": "BLAU3.SA",
    "RDOR3SA": "RDOR3.SA",
    "SMFT3SA": "SMFT3.SA",
    "AALR3SA": "AALR3.SA",
    "CMIN3SA": "CMIN3.SA",
    "JALL3SA": "JALL3.SA",
    "MELK3SA": "MELK3.SA",
    "ONCO3SA": "ONCO3.SA",
    "GMAT3SA": "GMAT3.SA",
    "VITT3SA": "VITT3.SA",
    "SOJA3SA": "SOJA3.SA",
    "HAPV3SA": "HAPV3.SA",
    "GFSA3SA": "GFSA3.SA"
  },
  "generated_at": "2026-04-17T17:25:40.089831+00:00"
}