{
  "targets": {
    "AURA33SA": 136.9252,
    "PRIO3SA": 66.04643,
    "MOTV3SA": 18.88333,
    "ORVR3SA": 89.84889,
    "DASA3SA": 4.41111,
    "AXIA6SA": 72.012,
    "BPAC11SA": 65.73846,
    "AMBP3SA": 2.530000045895576,
    "KLBN4SA": 24.75248,
    "B3SA3SA": 19.75,
    "MOVI3SA": 14.70047,
    "PETR3SA": 53.11429,
    "TEND3SA": 41.625,
    "CURY3SA": 46.375,
    "PETR4SA": 51.56923,
    "WEGE3SA": 54.68571,
    "ENEV3SA": 28.01818,
    "EQTL3SA": 48.10429,
    "VALE3SA": 89.38156,
    "RENT3SA": 58.72,
    "JBSS32SA": 109.425,
    "MDNE3SA": 42.5,
    "CMIG3SA": 37.05289535341453,
    "SLCE3SA": 19.70909,
    "RADL3SA": 28.12,
    "ENGI11SA": 63.1475,
    "FESA4SA": 11.377268978926738,
    "PRNR3SA": 26.7,
    "UGPA3SA": 30.19375,
    "PNVL3SA": 18.8,
    "POSI3SA": 6.06667,
    "VULC3SA": 23.0,
    "ANIM3SA": 6.66364,
    "VBBR3SA": 34.10625,
    "LOGG3SA": 29.01111,
    "TRIS3SA": 8.5,
    "CXSE3SA": 19.31429,
    "SIMH3SA": 15.72222,
    "ABCB4SA": 27.88889,
    "JSLG3SA": 12.2125,
    "GGBR4SA": 24.53333,
    "ITSA4SA": 16.46078,
    "LAVV3SA": 22.2,
    "BRKM5SA": 11.44545,
    "FRAS3SA": 27.31111,
    "IGTI11SA": 33.63333,
    "RANI3SA": 12.25,
    "ALPA4SA": 14.5,
    "PSSA3SA": 54.81818,
    "SEER3SA": 15.61429,
    "SBFG3SA": 17.38889,
    "MRVE3SA": 10.64615,
    "ITUB4SA": 47.84615,
    "TTEN3SA": 21.4,
    "BBAS3SA": 26.86154,
    "OPCT3SA": 10.66667,
    "ECOR3SA": 13.13846,
    "NEOE3SA": 34.723,
    "LWSA3SA": 5.90909,
    "SANB11SA": 36.59231,
    "EZTC3SA": 18.41818,
    "PGMN3SA": 7.85714,
    "MULT3SA": 37.46154,
    "BBDC4SA": 21.92308,
    "PLPL3SA": 22.33333,
    "BMOB3SA": 30.45,
    "VAMO3SA": 5.33846,
    "ALOS3SA": 35.03846,
    "TIMS3SA": 27.31429,
    "DXCO3SA": 7.26097,
    "CYRE3SA": 38.13846,
    "MILS3SA": 16.8,
    "ALUP11SA": 40.24167,
    "SAPR11SA": 41.41182,
    "DIRR3SA": 20.1,
    "BBSE3SA": 36.91667,
    "VIVA3SA": 35.85714,
    "TFCO4SA": 19.66667,
    "LREN3SA": 19.31333,
    "AGRO3SA": 23.83333,
    "FLRY3SA": 17.45455,
    "KEPL3SA": 9.25,
    "CEAB3SA": 19.89167,
    "RAPT4SA": 8.16667,
    "SUZB3SA": 68.68235,
    "TOTS3SA": 50.44615,
    "RAIL3SA": 19.66667,
    "YDUQ3SA": 18.11538,
    "KLBN11SA": 23.3645,
    "EVEN3SA": 9.05714,
    "TUPY3SA": 17.22222,
    "SMTO3SA": 20.92222,
    "CASH3SA": 6.9,
    "CAML3SA": 7.65,
    "IRBR3SA": 60.28571,
    "HYPE3SA": 29.42308,
    "COGN3SA": 4.6042,
    "INTB3SA": 16.05,
    "RECV3SA": 13.99231,
    "CSED3SA": 8.6,
    "ABEV3SA": 15.37222,
    "MYPK3SA": 13.7,
    "AZZA3SA": 34.15385,
    "ASAI3SA": 11.50714,
    "MATD3SA": 7.0375,
    "CSAN3SA": 7.47778,
    "HBSA3SA": 4.6,
    "BEEF3SA": 7.45385,
    "MDIA3SA": 26.9,
    "LJQQ3SA": 3.93333,
    "MTRE3SA": 4.8,
    "BLAU3SA": 12.854,
    "RDOR3SA": 51.45833,
    "SMFT3SA": 30.46154,
    "AALR3SA": 6.8474150952773805,
    "ONCO3SA": 2.65714,
    "CMIN3SA": 5.5,
    "MELK3SA": 4.6,
    "JALL3SA": 4.8,
    "GMAT3SA": 7.175,
    "VITT3SA": 5.5,
    "SOJA3SA": 11.1,
    "HAPV3SA": 15.23077,
    "GFSA3SA": 2.2478694
  },
  "symbols": {
    "AURA33SA": "AURA33.SA",
    "PRIO3SA": "PRIO3.SA",
    "MOTV3SA": "MOTV3.SA",
    "ORVR3SA": "ORVR3.SA",
    "DASA3SA": "DASA3.SA",
    "AXIA6SA": "AXIA6.SA",
    "BPAC11SA": "BPAC11.SA",
    "AMBP3SA": "AMBP3.SA",
    "KLBN4SA": "KLBN4.SA",
    "B3SA3SA": "B3SA3.SA",
    "MOVI3SA": "MOVI3.SA",
    "PETR3SA": "PETR3.SA",
    "TEND3SA": "TEND3.SA",
    "CURY3SA": "CURY3.SA",
    "PETR4SA": "PETR4.SA",
    "WEGE3SA": "WEGE3.SA",
    "ENEV3SA": "ENEV3.SA",
    "EQTL3SA": "EQTL3.SA",
    "VALE3SA": "VALE3.SA",
    "RENT3SA": "RENT3.SA",
    "JBSS32SA": "JBSS32.SA",
    "MDNE3SA": "MDNE3.SA",
    "CMIG3SA": "CMIG3.SA",
    "SLCE3SA": "SLCE3.SA",
    "RADL3SA": "RADL3.SA",
    "ENGI11SA": "ENGI11.SA",
    "FESA4SA": "FESA4.SA",
    "PRNR3SA": "PRNR3.SA",
    "UGPA3SA": "UGPA3.SA",
    "PNVL3SA": "PNVL3.SA",
    "POSI3SA": "POSI3.SA",
    "VULC3SA": "VULC3.SA",
    "ANIM3SA": "ANIM3.SA",
    "VBBR3SA": "VBBR3.SA",
    "LOGG3SA": "LOGG3.SA",
    "TRIS3SA": "TRIS3.SA",
    "CXSE3SA": "CXSE3.SA",
    "SIMH3SA": "SIMH3.SA",
    "ABCB4SA": "ABCB4.SA",
    "JSLG3SA": "JSLG3.SA",
    "GGBR4SA": "GGBR4.SA",
    "ITSA4SA": "ITSA4.SA",
    "LAVV3SA": "LAVV3.SA",
    "BRKM5SA": "BRKM5.SA",
    "FRAS3SA": "FRAS3.SA",
    "IGTI11SA": "IGTI11.SA",
    "RANI3SA": "RANI3.SA",
    "ALPA4SA": "ALPA4.SA",
    "PSSA3SA": "PSSA3.SA",
    "SEER3SA": "SEER3.SA",
    "SBFG3SA": "SBFG3.SA",
    "MRVE3SA": "MRVE3.SA",
    "ITUB4SA": "ITUB4.SA",
    "TTEN3SA": "TTEN3.SA",
    "BBAS3SA": "BBAS3.SA",
    "OPCT3SA": "OPCT3.SA",
    "ECOR3SA": "ECOR3.SA",
    "NEOE3SA": "NEOE3.SA",
    "LWSA3SA": "LWSA3.SA",
    "SANB11SA": "SANB11.SA",
    "EZTC3SA": "EZTC3.SA",
    "PGMN3SA": "PGMN3.SA",
    "MULT3SA": "MULT3.SA",
    "BBDC4SA": "BBDC4.SA",
    "PLPL3SA": "PLPL3.SA",
    "BMOB3SA": "BMOB3.SA",
    "VAMO3SA": "VAMO3.SA",
    "ALOS3SA": "ALOS3.SA",
    "TIMS3SA": "TIMS3.SA",
    "DXCO3SA": "DXCO3.SA",
    "CYRE3SA": "CYRE3.SA",
    "MILS3SA": "MILS3.SA",
    "ALUP11SA": "ALUP11.SA",
    "SAPR11SA": "SAPR11.SA",
    "DIRR3SA": "DIRR3.SA",
    "BBSE3SA": "BBSE3.SA",
    "VIVA3SA": "VIVA3.SA",
    "TFCO4SA": "TFCO4.SA",
    "LREN3SA": "LREN3.SA",
    "AGRO3SA": "AGRO3.SA",
    "FLRY3SA": "FLRY3.SA",
    "KEPL3SA": "KEPL3.SA",
    "CEAB3SA": "CEAB3.SA",
    "RAPT4SA": "RAPT4.SA",
    "SUZB3SA": "SUZB3.SA",
    "TOTS3SA": "TOTS3.SA",
    "RAIL3SA": "RAIL3.SA",
    "YDUQ3SA": "YDUQ3.SA",
    "KLBN11SA": "KLBN11.SA",
    "EVEN3SA": "EVEN3.SA",
    "TUPY3SA": "TUPY3.SA",
    "SMTO3SA": "SMTO3.SA",
    "CASH3SA": "CASH3.SA",
    "CAML3SA": "CAML3.SA",
    "IRBR3SA": "IRBR3.SA",
    "HYPE3SA": "HYPE3.SA",
    "COGN3SA": "COGN3.SA",
    "INTB3SA": "INTB3.SA",
    "RECV3SA": "RECV3.SA",
    "CSED3SA": "CSED3.SA",
    "ABEV3SA": "ABEV3.SA",
    "MYPK3SA": "MYPK3.SA",
    "AZZA3SA": "AZZA3.SA",
    "ASAI3SA": "ASAI3.SA",
    "MATD3SA": "MATD3.SA",
    "CSAN3SA": "CSAN3.SA",
    "HBSA3SA": "HBSA3.SA",
    "BEEF3SA": "BEEF3.SA",
    "MDIA3SA": "MDIA3.SA",
    "LJQQ3SA": "LJQQ3.SA",
    "MTRE3SA": "MTRE3.SA",
    "BLAU3SA": "BLAU3.SA",
    "RDOR3SA": "RDOR3.SA",
    "SMFT3SA": "SMFT3.SA",
    "AALR3SA": "AALR3.SA",
    "ONCO3SA": "ONCO3.SA",
    "CMIN3SA": "CMIN3.SA",
    "MELK3SA": "MELK3.SA",
    "JALL3SA": "JALL3.SA",
    "GMAT3SA": "GMAT3.SA",
    "VITT3SA": "VITT3.SA",
    "SOJA3SA": "SOJA3.SA",
    "HAPV3SA": "HAPV3.SA",
    "GFSA3SA": "GFSA3.SA"
  },
  "generated_at": "2026-04-20T18:11:44.637183+00:00"
}